RECORD_ID,SATELLITE_NAME,NORAD_ID,ORBIT_TYPE,TIMESTAMP_UTC,LATITUDE,LONGITUDE,ALTITUDE_KM,VELOCITY_KM_S,PANEL_TEMP_C,BATTERY_VOLTAGE_V,BATTERY_CURRENT_A,SIGNAL_LATENCY_MS,SOLAR_EXPOSURE_PCT,SUBSYSTEM_ADCS,SUBSYSTEM_EPS,SUBSYSTEM_COM,SUBSYSTEM_OBC,SUBSYSTEM_THERMAL,SUBSYSTEM_PAYLOAD,IS_ANOMALY,ANOMALY_TYPE,SOURCE,IS_OUTLIER,CRITICALITY,LOAD_DT
5c39a509-c541-4733-bf37-04b472af6056,AgroSat-1,99001,LEO,2026-05-30 01:59:08.869059+00:00,0.0,-180.0,522.415,7.483,42.38,28.563,2.182,236.9,50.0,OK,WARN,OK,OK,OK,OK,False,NONE,synthetic_telemetry_simulator,False,MEDIUM,2026-05-31T01:59:08.920897+00:00
53d93d03-a7cd-4274-98ed-5331a457c11c,AgroSat-2,99002,LEO,2026-05-30 02:01:56.869059+00:00,8.298212,-169.387812,525.687,7.481,49.25,28.384,2.098,283.3,59.3,WARN,OK,OK,OK,WARN,OK,False,NONE,synthetic_telemetry_simulator,False,MEDIUM,2026-05-31T01:59:08.920897+00:00
8d2bf5c2-da6e-46c1-a27b-a9c9474db196,EcoWatch-A,99003,LEO,2026-05-30 02:04:44.869059+00:00,16.221599,-159.117227,598.704,7.442,74.74,28.537,2.012,286.1,68.3,OK,OK,OK,OK,OK,OK,False,NONE,synthetic_telemetry_simulator,False,LOW,2026-05-31T01:59:08.920897+00:00
936b5f8d-b1e9-444f-836a-8c461b1e7e80,EcoWatch-B,99004,LEO,2026-05-30 02:07:32.869059+00:00,24.053131,-148.662355,597.764,7.443,88.93,27.779,1.77,233.3,76.7,OK,OK,WARN,OK,FAIL,WARN,False,NONE,synthetic_telemetry_simulator,False,MEDIUM,2026-05-31T01:59:08.920897+00:00
06c4b257-56f6-4ebc-b4c3-26bb9c8b40dd,ConnectSat,99005,LEO,2026-05-30 02:10:20.869059+00:00,31.777035,-137.781041,550.934,7.468,93.29,28.75,2.5,264.9,84.1,OK,OK,OK,OK,OK,FAIL,False,NONE,synthetic_telemetry_simulator,False,LOW,2026-05-31T01:59:08.920897+00:00
78de10a5-0635-44e6-975e-e7e38bee2a0c,WeatherEye,99006,SSO,2026-05-30 02:13:08.869059+00:00,37.58466,-128.896629,698.878,7.389,95.89,28.744,2.34,233.7,90.3,FAIL,FAIL,OK,WARN,FAIL,OK,False,NONE,synthetic_telemetry_simulator,False,MEDIUM,2026-05-31T01:59:08.920897+00:00
c9155733-135b-4877-925e-5d1e44bca2eb,NanoDebris,99007,LEO,2026-05-30 02:15:56.869059+00:00,44.924716,-115.6985,483.391,7.505,112.31,29.057,2.015,249.2,95.1,OK,OK,OK,OK,OK,OK,False,NONE,synthetic_telemetry_simulator,False,LOW,2026-05-31T01:59:08.920897+00:00
502afc69-34cb-46d6-a1ba-8423af236736,AgroSat-1,99001,LEO,2026-05-30 02:18:44.869059+00:00,48.999134,-105.633821,520.93,7.484,115.41,28.79,2.796,243.4,98.4,FAIL,OK,OK,FAIL,OK,OK,False,NONE,synthetic_telemetry_simulator,False,LOW,2026-05-31T01:59:08.920897+00:00
e19c551e-12c1-49ae-94a3-511157b07039,AgroSat-2,99002,LEO,2026-05-30 02:21:32.869059+00:00,51.314428,-95.102498,526.982,7.481,119.89,29.142,2.068,272.0,99.9,OK,OK,WARN,OK,OK,OK,False,NONE,synthetic_telemetry_simulator,False,MEDIUM,2026-05-31T01:59:08.920897+00:00
827f727d-bc08-4164-9a3f-cee2aafa8252,EcoWatch-A,99003,LEO,2026-05-30 02:24:20.869059+00:00,51.426651,-86.02752,599.145,7.442,117.63,28.669,2.245,233.6,99.7,OK,OK,WARN,OK,WARN,OK,False,NONE,synthetic_telemetry_simulator,False,MEDIUM,2026-05-31T01:59:08.920897+00:00
c9e8d3e8-0bc1-41ee-9e86-aabccd99b522,EcoWatch-B,99004,LEO,2026-05-30 02:27:08.869059+00:00,49.36484,-75.541182,595.769,7.444,116.6,28.442,2.017,242.5,97.7,FAIL,OK,OK,OK,OK,OK,False,NONE,synthetic_telemetry_simulator,False,LOW,2026-05-31T01:59:08.920897+00:00
fd789e72-b29f-4186-9cd9-2b1c0c1a8431,ConnectSat,99005,LEO,2026-05-30 02:29:56.869059+00:00,44.729895,-63.897863,549.851,7.468,109.94,29.479,1.925,280.0,94.1,OK,WARN,OK,FAIL,OK,FAIL,False,NONE,synthetic_telemetry_simulator,False,MEDIUM,2026-05-31T01:59:08.920897+00:00
bda35cd1-1368-411a-b032-fb3cadad94e6,WeatherEye,99006,SSO,2026-05-30 02:32:44.869059+00:00,41.289944,-57.351909,703.157,7.387,103.1,28.959,2.492,300.7,88.9,WARN,OK,OK,OK,OK,OK,False,NONE,synthetic_telemetry_simulator,False,MEDIUM,2026-05-31T01:59:08.920897+00:00
e3fc3e3d-ce99-49d8-90c1-df7961894549,NanoDebris,99007,LEO,2026-05-30 02:35:32.869059+00:00,30.719711,-40.680084,482.875,7.505,88.56,28.71,1.876,269.1,82.3,OK,OK,FAIL,OK,OK,WARN,False,NONE,synthetic_telemetry_simulator,False,LOW,2026-05-31T01:59:08.920897+00:00
66ae4b7a-3d54-447f-a306-d0dbfbd376d4,AgroSat-1,99001,LEO,2026-05-30 02:38:20.869059+00:00,24.001809,-31.267642,519.638,7.485,81.77,28.91,1.876,270.2,74.6,OK,WARN,FAIL,FAIL,OK,FAIL,False,NONE,synthetic_telemetry_simulator,False,MEDIUM,2026-05-31T01:59:08.920897+00:00
9de1c91e-8bed-48fc-9d4e-6519922be653,AgroSat-2,99002,LEO,2026-05-30 02:41:08.869059+00:00,16.171579,-20.817185,523.324,7.483,63.48,29.224,2.087,264.9,66.1,OK,OK,OK,OK,OK,OK,False,NONE,synthetic_telemetry_simulator,False,LOW,2026-05-31T01:59:08.920897+00:00
25c35940-9256-4515-9e93-82158471eea8,EcoWatch-A,99003,LEO,2026-05-30 02:43:56.869059+00:00,10.105648,-12.937814,600.914,7.441,51.43,28.85,2.482,263.8,57.0,OK,OK,WARN,OK,OK,FAIL,False,NONE,synthetic_telemetry_simulator,False,MEDIUM,2026-05-31T01:59:08.920897+00:00
28d52c45-b41f-4da3-9de2-bd9365142ad4,EcoWatch-B,99004,LEO,2026-05-30 02:46:44.869059+00:00,1.896329,-2.42001,599.453,7.442,42.65,27.723,1.983,240.3,47.6,OK,OK,OK,OK,OK,OK,False,NONE,synthetic_telemetry_simulator,False,LOW,2026-05-31T01:59:08.920897+00:00
c9db23f9-0040-4ab7-9114-01edb787da94,ConnectSat,99005,LEO,2026-05-30 02:49:32.869059+00:00,-7.810037,9.985315,549.622,7.469,19.48,28.908,2.166,240.1,38.3,OK,OK,FAIL,OK,OK,OK,False,NONE,synthetic_telemetry_simulator,False,LOW,2026-05-31T01:59:08.920897+00:00
bf092b3c-cb6a-46fb-92e1-944e1996d5a5,WeatherEye,99006,SSO,2026-05-30 02:52:20.869059+00:00,-11.078309,14.19281,700.678,7.388,3.62,28.232,2.063,281.4,29.5,OK,OK,WARN,OK,OK,FAIL,False,NONE,synthetic_telemetry_simulator,False,MEDIUM,2026-05-31T01:59:08.920897+00:00
abaf2456-a12f-4c9e-9731-764e70a95cc0,NanoDebris,99007,LEO,2026-05-30 02:55:08.869059+00:00,-26.235692,34.338332,478.699,7.507,-1.79,27.37,2.622,265.9,21.3,OK,OK,OK,OK,OK,OK,False,NONE,synthetic_telemetry_simulator,False,LOW,2026-05-31T01:59:08.920897+00:00
b265bc8c-5321-4750-89a1-052fc19d641a,AgroSat-1,99001,LEO,2026-05-30 02:57:56.869059+00:00,-32.375287,43.098537,518.489,7.485,-14.29,28.417,2.623,261.4,14.2,FAIL,WARN,FAIL,FAIL,OK,OK,False,NONE,synthetic_telemetry_simulator,False,MEDIUM,2026-05-31T01:59:08.920897+00:00
5d7488bd-58a3-46ea-b46f-86421deebffe,AgroSat-2,99002,LEO,2026-05-30 03:00:44.869059+00:00,-39.029318,53.468129,524.47,7.482,-26.48,28.67,2.09,253.2,8.3,OK,WARN,WARN,OK,OK,WARN,False,NONE,synthetic_telemetry_simulator,False,MEDIUM,2026-05-31T01:59:08.920897+00:00
3667283e-a796-4fd2-ab2c-81902a6d8baa,EcoWatch-A,99003,LEO,2026-05-30 03:03:32.869059+00:00,-42.822927,60.151893,599.503,7.442,-32.87,28.764,2.471,244.9,3.9,OK,WARN,OK,WARN,WARN,OK,False,NONE,synthetic_telemetry_simulator,False,MEDIUM,2026-05-31T01:59:08.920897+00:00
1a8f7c8d-f765-4bf5-a47a-7c08aebc5046,EcoWatch-B,99004,LEO,2026-05-30 03:06:20.869059+00:00,-47.70211,70.701162,597.5,7.443,-41.71,28.822,1.406,266.9,1.1,OK,OK,OK,OK,FAIL,FAIL,False,NONE,synthetic_telemetry_simulator,False,LOW,2026-05-31T01:59:08.920897+00:00
eb5fa085-1eb3-4a8d-9f64-715e252def09,ConnectSat,99005,LEO,2026-05-30 03:09:08.869059+00:00,-51.188321,83.868493,551.491,7.468,-35.41,28.163,2.558,266.3,0.0,WARN,OK,OK,WARN,OK,WARN,False,NONE,synthetic_telemetry_simulator,False,MEDIUM,2026-05-31T01:59:08.920897+00:00
c4c568eb-a250-467b-b307-63e4161c5bb5,WeatherEye,99006,SSO,2026-05-30 03:11:56.869059+00:00,-51.400488,85.73753,699.009,7.389,-33.26,28.08,2.309,281.7,0.7,FAIL,OK,WARN,FAIL,WARN,OK,False,NONE,synthetic_telemetry_simulator,False,MEDIUM,2026-05-31T01:59:08.920897+00:00
50559ba7-3ac3-405b-99a5-ed34312c952b,NanoDebris,99007,LEO,2026-05-30 03:14:44.869059+00:00,-47.679796,109.356748,482.448,7.505,-30.32,27.409,1.866,279.3,3.1,OK,OK,OK,FAIL,WARN,OK,False,NONE,synthetic_telemetry_simulator,False,LOW,2026-05-31T01:59:08.920897+00:00
a98bb11d-05c8-44ad-a09d-104d1d28d937,AgroSat-1,99001,LEO,2026-05-30 03:17:32.869059+00:00,-44.056494,117.464716,522.038,7.483,-32.37,28.013,2.222,253.6,7.1,OK,OK,FAIL,OK,OK,OK,False,NONE,synthetic_telemetry_simulator,False,LOW,2026-05-31T01:59:08.920897+00:00
070626f5-e0fb-42b0-a1ab-2c58b62b6421,AgroSat-2,99002,LEO,2026-05-30 03:20:20.869059+00:00,-38.289077,127.753443,523.498,7.483,-16.26,24.224,1.923,249.0,12.7,FAIL,OK,OK,FAIL,OK,WARN,True,battery_drop,synthetic_telemetry_simulator,False,CRITICAL,2026-05-31T01:59:08.920897+00:00
90fa9b40-b9ab-4707-b69b-a11ea93c92c0,EcoWatch-A,99003,LEO,2026-05-30 03:23:08.869059+00:00,-34.81289,133.241599,600.924,7.441,-10.22,28.36,2.279,286.7,19.5,OK,OK,OK,FAIL,OK,FAIL,False,NONE,synthetic_telemetry_simulator,False,LOW,2026-05-31T01:59:08.920897+00:00
ce51a2dd-0792-4f02-841e-fb6f087fbb61,EcoWatch-B,99004,LEO,2026-05-30 03:25:56.869059+00:00,-27.555477,143.822334,596.263,7.443,0.77,28.695,1.488,273.3,27.5,OK,OK,OK,OK,OK,OK,False,NONE,synthetic_telemetry_simulator,False,LOW,2026-05-31T01:59:08.920897+00:00
9741f1af-e707-4ec7-a3b9-0403ef4a3391,ConnectSat,99005,LEO,2026-05-30 03:28:44.869059+00:00,-17.260902,157.751671,551.176,7.468,22.55,28.101,1.72,255.1,36.2,OK,FAIL,OK,OK,OK,OK,False,NONE,synthetic_telemetry_simulator,False,LOW,2026-05-31T01:59:08.920897+00:00
173b3c0f-199a-47e5-831a-401ea7f5de2a,WeatherEye,99006,SSO,2026-05-30 03:31:32.869059+00:00,-17.617199,157.28225,699.092,7.389,30.36,28.726,1.796,294.5,45.4,OK,OK,OK,FAIL,OK,OK,False,NONE,synthetic_telemetry_simulator,False,LOW,2026-05-31T01:59:08.920897+00:00
3661450d-894d-4ce8-b951-27c4e955bbcd,NanoDebris,99007,LEO,2026-05-30 03:34:20.869059+00:00,3.4275,-175.624836,482.113,7.505,52.76,27.517,2.022,208.9,54.8,WARN,OK,OK,OK,OK,OK,False,NONE,synthetic_telemetry_simulator,False,MEDIUM,2026-05-31T01:59:08.920897+00:00
6f0fe0cd-fefa-42cc-a2c9-a5b50926dad7,AgroSat-1,99001,LEO,2026-05-30 03:37:08.869059+00:00,9.246127,-168.169105,518.865,7.485,67.31,28.639,2.091,245.1,64.0,OK,OK,WARN,WARN,OK,OK,False,NONE,synthetic_telemetry_simulator,False,MEDIUM,2026-05-31T01:59:08.920897+00:00
401baf6e-99f9-4f07-9dec-c10a4a8fc478,AgroSat-2,99002,LEO,2026-05-30 03:39:56.869059+00:00,17.10167,-157.961243,525.711,7.481,76.59,28.64,1.766,266.4,72.7,FAIL,FAIL,FAIL,OK,OK,OK,False,NONE,synthetic_telemetry_simulator,False,LOW,2026-05-31T01:59:08.920897+00:00
a406c7de-8ce1-4421-a841-56a0279830e8,EcoWatch-A,99003,LEO,2026-05-30 03:42:44.869059+00:00,20.341557,-153.668694,598.862,7.442,84.64,28.27,1.869,293.7,80.6,FAIL,OK,WARN,OK,FAIL,OK,False,NONE,synthetic_telemetry_simulator,False,MEDIUM,2026-05-31T01:59:08.920897+00:00
bf96bd2b-7a2e-423f-952a-7bb6b61a321f,EcoWatch-B,99004,LEO,2026-05-30 03:45:32.869059+00:00,28.100602,-143.056493,600.072,7.441,98.63,27.899,2.259,233.9,87.4,OK,WARN,WARN,OK,OK,WARN,False,NONE,synthetic_telemetry_simulator,False,MEDIUM,2026-05-31T01:59:08.920897+00:00
4b1e0af9-75e2-4e04-b6e6-02f4e9d1c3ec,ConnectSat,99005,LEO,2026-05-30 03:48:20.869059+00:00,37.913521,-128.365151,550.457,7.468,112.15,28.386,2.294,229.9,92.9,OK,OK,OK,OK,FAIL,OK,False,NONE,synthetic_telemetry_simulator,False,LOW,2026-05-31T01:59:08.920897+00:00
0a19e851-fd0d-44a4-b20d-daa40c85208f,WeatherEye,99006,SSO,2026-05-30 03:51:08.869059+00:00,36.150307,-131.173031,697.809,7.39,117.21,27.28,2.061,254.7,97.0,WARN,OK,OK,OK,FAIL,OK,False,NONE,synthetic_telemetry_simulator,False,MEDIUM,2026-05-31T01:59:08.920897+00:00
7e28d0c7-ab91-465f-8498-90a8900bc7d6,NanoDebris,99007,LEO,2026-05-30 03:53:56.869059+00:00,50.381182,-100.60642,480.055,7.506,123.28,28.535,2.163,277.1,99.3,OK,OK,OK,FAIL,WARN,OK,False,NONE,synthetic_telemetry_simulator,False,LOW,2026-05-31T01:59:08.920897+00:00
d5cc565c-e9fb-4e88-9b5c-968ed6746a1a,AgroSat-1,99001,LEO,2026-05-30 03:56:44.869059+00:00,51.441103,-93.802926,521.83,7.484,117.71,28.836,2.375,286.7,100.0,OK,OK,OK,OK,FAIL,WARN,False,NONE,synthetic_telemetry_simulator,False,LOW,2026-05-31T01:59:08.920897+00:00
98dde4e4-3e80-41d6-beca-bcf81f2c8d32,AgroSat-2,99002,LEO,2026-05-30 03:59:32.869059+00:00,51.162209,-83.675929,525.58,7.482,114.48,27.455,1.864,263.2,98.9,OK,FAIL,WARN,WARN,WARN,OK,False,NONE,synthetic_telemetry_simulator,False,MEDIUM,2026-05-31T01:59:08.920897+00:00
7aaa17f8-d37d-4195-86f7-e392f650fb4a,EcoWatch-A,99003,LEO,2026-05-30 04:02:20.869059+00:00,50.63518,-80.578988,598.255,7.442,116.88,28.066,2.032,270.2,96.0,OK,FAIL,OK,OK,OK,OK,False,NONE,synthetic_telemetry_simulator,False,LOW,2026-05-31T01:59:08.920897+00:00
79dc29af-2c6e-4775-8407-b6e89cc04800,EcoWatch-B,99004,LEO,2026-05-30 04:05:08.869059+00:00,47.402609,-69.935321,596.896,7.443,103.26,28.352,2.613,259.3,91.6,OK,OK,FAIL,OK,OK,OK,False,NONE,synthetic_telemetry_simulator,False,LOW,2026-05-31T01:59:08.920897+00:00
dd41f84f-f6f4-4994-8250-e7738dfe3635,ConnectSat,99005,LEO,2026-05-30 04:07:56.869059+00:00,39.633455,-54.481973,551.197,7.468,98.08,28.372,2.272,264.5,85.7,OK,OK,OK,WARN,OK,OK,False,NONE,synthetic_telemetry_simulator,False,MEDIUM,2026-05-31T01:59:08.920897+00:00
e5ee0f95-2647-4a55-b539-4fd6267a391f,WeatherEye,99006,SSO,2026-05-30 04:10:44.869059+00:00,42.542911,-59.628311,700.45,7.388,87.38,28.747,1.841,213.1,78.5,OK,WARN,OK,OK,OK,OK,False,NONE,synthetic_telemetry_simulator,False,MEDIUM,2026-05-31T01:59:08.920897+00:00
8dd04eba-187f-4a2e-8aa7-8764bbd7ae58,NanoDebris,99007,LEO,2026-05-30 04:13:32.869059+00:00,19.783977,-25.588004,478.399,7.507,67.75,29.172,2.291,250.9,70.4,OK,OK,OK,OK,OK,OK,False,NONE,synthetic_telemetry_simulator,False,LOW,2026-05-31T01:59:08.920897+00:00
a5b26ba1-d5f8-415e-834f-0f599c3e8e26,AgroSat-1,99001,LEO,2026-05-30 04:16:20.869059+00:00,15.116738,-19.436748,519.536,7.485,53.07,28.064,1.632,217.8,61.5,OK,WARN,WARN,OK,FAIL,WARN,True,signal_loss,synthetic_telemetry_simulator,False,HIGH,2026-05-31T01:59:08.920897+00:00
a006cc8a-0fc6-4d31-966e-b7220b32f462,AgroSat-2,99002,LEO,2026-05-30 04:19:08.869059+00:00,7.346574,-9.390615,524.295,7.482,46.32,28.766,2.227,254.6,52.2,OK,OK,OK,OK,OK,OK,False,NONE,synthetic_telemetry_simulator,False,LOW,2026-05-31T01:59:08.920897+00:00
3e383351-8418-46e0-b661-817e372cb836,EcoWatch-A,99003,LEO,2026-05-30 04:21:56.869059+00:00,5.862827,-7.489281,593.731,7.445,31.28,28.586,2.129,236.7,42.9,OK,OK,FAIL,OK,FAIL,OK,False,NONE,synthetic_telemetry_simulator,False,LOW,2026-05-31T01:59:08.920897+00:00
5755f8dd-13e0-4bca-85b6-1451d84f47f8,EcoWatch-B,99004,LEO,2026-05-30 04:24:44.869059+00:00,-2.496234,3.185851,598.11,7.442,15.95,28.396,2.271,278.8,33.8,WARN,OK,OK,FAIL,OK,OK,False,NONE,synthetic_telemetry_simulator,False,MEDIUM,2026-05-31T01:59:08.920897+00:00
87158363-0b52-4eea-b0f0-d8d3e5711938,ConnectSat,99005,LEO,2026-05-30 04:27:32.869059+00:00,-15.089529,19.401205,552.087,7.467,3.57,27.851,1.789,280.9,25.2,OK,OK,WARN,OK,OK,WARN,False,NONE,synthetic_telemetry_simulator,False,MEDIUM,2026-05-31T01:59:08.920897+00:00
a4186612-c065-4609-a158-96d82ab25560,WeatherEye,99006,SSO,2026-05-30 04:30:20.869059+00:00,-9.312579,11.916409,699.418,7.389,-8.97,28.369,2.074,250.7,17.6,OK,FAIL,OK,FAIL,WARN,OK,False,NONE,synthetic_telemetry_simulator,False,LOW,2026-05-31T01:59:08.920897+00:00
55b33983-91e8-4e19-8841-8bf1d7b0bc2e,NanoDebris,99007,LEO,2026-05-30 04:33:08.869059+00:00,-36.534491,49.430413,477.839,7.508,-26.25,28.367,2.065,248.3,11.0,OK,WARN,FAIL,OK,OK,OK,False,NONE,synthetic_telemetry_simulator,False,MEDIUM,2026-05-31T01:59:08.920897+00:00
6b7d5141-1ff2-4459-9f46-b5de43b1281f,AgroSat-1,99001,LEO,2026-05-30 04:35:56.869059+00:00,-39.897038,54.929431,517.88,7.486,-24.57,29.283,1.729,249.9,5.9,FAIL,WARN,FAIL,OK,WARN,WARN,False,NONE,synthetic_telemetry_simulator,False,MEDIUM,2026-05-31T01:59:08.920897+00:00
e6be19da-702d-400e-a984-d985903123c7,AgroSat-2,99002,LEO,2026-05-30 04:38:44.869059+00:00,-45.207062,64.894699,523.894,7.482,-39.46,27.588,2.223,246.0,2.3,OK,OK,OK,OK,OK,OK,False,NONE,synthetic_telemetry_simulator,False,LOW,2026-05-31T01:59:08.920897+00:00
157da512-d0f2-45b6-9457-363c1e431819,EcoWatch-A,99003,LEO,2026-05-30 04:41:32.869059+00:00,-45.536697,65.600425,600.048,7.441,-40.81,28.106,1.834,239.3,0.3,OK,OK,OK,WARN,FAIL,OK,False,NONE,synthetic_telemetry_simulator,False,MEDIUM,2026-05-31T01:59:08.920897+00:00
e295a07e-4b50-487e-a693-47377b1973de,EcoWatch-B,99004,LEO,2026-05-30 04:44:20.869059+00:00,-49.589492,76.307023,598.083,7.442,-39.57,28.176,2.08,278.3,0.1,WARN,OK,FAIL,OK,FAIL,FAIL,False,NONE,synthetic_telemetry_simulator,False,MEDIUM,2026-05-31T01:59:08.920897+00:00
c23fed97-2031-413a-b96d-c341f92d1421,ConnectSat,99005,LEO,2026-05-30 04:47:08.869059+00:00,-51.481417,93.284383,552.265,7.467,-36.95,28.287,2.182,247.4,1.7,OK,WARN,WARN,OK,OK,FAIL,False,NONE,synthetic_telemetry_simulator,False,MEDIUM,2026-05-31T01:59:08.920897+00:00
d7030baf-f878-492f-a97d-0d75ab4ca0af,WeatherEye,99006,SSO,2026-05-30 04:49:56.869059+00:00,-51.13215,83.461128,699.622,7.389,-28.39,28.172,2.365,274.6,4.9,FAIL,OK,OK,OK,FAIL,WARN,False,NONE,synthetic_telemetry_simulator,False,LOW,2026-05-31T01:59:08.920897+00:00
0832fb5f-575d-47e9-a87b-7fd47ba00666,NanoDebris,99007,LEO,2026-05-30 04:52:44.869059+00:00,-40.260098,124.448829,478.796,7.507,-25.09,28.197,2.083,225.8,9.8,WARN,OK,OK,OK,OK,OK,False,NONE,synthetic_telemetry_simulator,False,MEDIUM,2026-05-31T01:59:08.920897+00:00
848bff12-4189-481a-bf7b-c36dc8fe3ed6,AgroSat-1,99001,LEO,2026-05-30 04:55:32.869059+00:00,-37.336248,129.29561,520.321,7.484,-17.09,28.247,2.546,260.0,16.0,OK,WARN,OK,FAIL,OK,FAIL,False,NONE,synthetic_telemetry_simulator,False,MEDIUM,2026-05-31T01:59:08.920897+00:00
9b8ed5ca-afde-43bf-916e-3636de734147,AgroSat-2,99002,LEO,2026-05-30 04:58:20.869059+00:00,-30.816378,139.180013,524.242,7.482,-8.57,28.558,1.798,243.8,23.4,OK,OK,OK,OK,OK,OK,False,NONE,synthetic_telemetry_simulator,False,LOW,2026-05-31T01:59:08.920897+00:00
d63f5bb2-cb15-4c3d-9e22-9d0889a79025,EcoWatch-A,99003,LEO,2026-05-30 05:01:08.869059+00:00,-31.154018,138.690132,601.586,7.441,11.59,27.826,1.887,287.8,31.8,OK,OK,OK,OK,WARN,OK,False,NONE,synthetic_telemetry_simulator,False,LOW,2026-05-31T01:59:08.920897+00:00
42383a28-1701-4a2a-9736-b5c96fcda3e4,EcoWatch-B,99004,LEO,2026-05-30 05:03:56.869059+00:00,-23.490713,149.428196,597.768,7.443,25.85,28.154,1.775,220.8,40.8,OK,OK,WARN,WARN,OK,WARN,False,NONE,synthetic_telemetry_simulator,False,MEDIUM,2026-05-31T01:59:08.920897+00:00
70e26027-6f50-4f9d-9344-259f98f365e7,ConnectSat,99005,LEO,2026-05-30 05:06:44.869059+00:00,-10.023888,167.167561,549.171,7.469,42.32,29.189,2.397,245.4,50.1,OK,OK,OK,OK,WARN,OK,False,NONE,synthetic_telemetry_simulator,False,LOW,2026-05-31T01:59:08.920897+00:00
9387bcf0-295a-47da-8e42-7f5f383ac9fc,WeatherEye,99006,SSO,2026-05-30 05:09:32.869059+00:00,-19.337417,155.005848,700.073,7.389,51.29,28.916,2.024,257.1,59.5,OK,OK,FAIL,OK,OK,FAIL,False,NONE,synthetic_telemetry_simulator,False,LOW,2026-05-31T01:59:08.920897+00:00
1c20cf78-da0c-4e3c-b0a9-0a59e16d2427,NanoDebris,99007,LEO,2026-05-30 05:12:20.869059+00:00,15.140084,-160.532755,480.804,7.506,71.9,28.61,1.912,263.8,68.5,OK,OK,OK,OK,OK,OK,False,NONE,synthetic_telemetry_simulator,False,LOW,2026-05-31T01:59:08.920897+00:00
7a3fb540-451c-4b8f-b856-ccb479cecbfc,AgroSat-1,99001,LEO,2026-05-30 05:15:08.869059+00:00,18.332153,-156.338211,519.233,7.485,78.25,27.976,2.384,238.9,76.8,OK,OK,WARN,WARN,OK,OK,False,NONE,synthetic_telemetry_simulator,False,MEDIUM,2026-05-31T01:59:08.920897+00:00
a2770a62-fc59-4489-aab6-923dba5190e5,AgroSat-2,99002,LEO,2026-05-30 05:17:56.869059+00:00,25.604326,-146.534673,524.5,7.482,95.22,29.015,2.179,269.4,84.2,OK,OK,FAIL,WARN,WARN,OK,False,NONE,synthetic_telemetry_simulator,False,MEDIUM,2026-05-31T01:59:08.920897+00:00
71482963-d023-4e24-a7e0-a901bc987fbb,EcoWatch-A,99003,LEO,2026-05-30 05:20:44.869059+00:00,24.376911,-148.220162,600.63,7.441,103.53,28.15,2.588,229.5,90.4,OK,OK,WARN,OK,FAIL,OK,False,NONE,synthetic_telemetry_simulator,False,MEDIUM,2026-05-31T01:59:08.920897+00:00
91c26072-edc2-4721-9eab-4962f6dc77e0,EcoWatch-B,99004,LEO,2026-05-30 05:23:32.869059+00:00,32.002298,-137.450632,597.696,7.443,113.1,27.997,2.158,266.4,95.2,OK,OK,OK,FAIL,OK,OK,False,NONE,synthetic_telemetry_simulator,False,LOW,2026-05-31T01:59:08.920897+00:00
051c178e-e917-474f-bd13-cb81c77bd85e,ConnectSat,99005,LEO,2026-05-30 05:26:20.869059+00:00,43.296189,-118.949261,550.147,7.468,113.31,28.995,2.225,256.4,98.4,OK,WARN,OK,FAIL,WARN,OK,False,NONE,synthetic_telemetry_simulator,False,MEDIUM,2026-05-31T01:59:08.920897+00:00
cf542f44-11d0-4ff5-86e6-c176f8369a40,WeatherEye,99006,SSO,2026-05-30 05:29:08.869059+00:00,34.676832,-133.449432,700.085,7.389,121.31,28.681,2.363,233.0,99.9,OK,OK,OK,WARN,OK,OK,False,NONE,synthetic_telemetry_simulator,False,MEDIUM,2026-05-31T01:59:08.920897+00:00
aace3001-fb18-4b25-a430-29d103ea4323,NanoDebris,99007,LEO,2026-05-30 05:31:56.869059+00:00,51.37911,-85.514339,479.655,7.507,118.93,28.259,2.505,255.2,99.6,WARN,OK,WARN,OK,OK,OK,False,NONE,synthetic_telemetry_simulator,False,MEDIUM,2026-05-31T01:59:08.920897+00:00
13047bcb-cfec-4e14-992f-342492649de9,AgroSat-1,99001,LEO,2026-05-30 05:34:44.869059+00:00,50.89699,-81.972032,522.096,7.483,117.99,28.975,1.926,281.1,97.6,OK,FAIL,OK,WARN,FAIL,OK,False,NONE,synthetic_telemetry_simulator,False,MEDIUM,2026-05-31T01:59:08.920897+00:00
6a6c87d5-1aca-47e0-9c28-fba5b1ab79c6,AgroSat-2,99002,LEO,2026-05-30 05:37:32.869059+00:00,48.278085,-72.24936,525.225,7.482,107.0,28.562,1.938,265.6,94.0,FAIL,OK,OK,OK,OK,OK,False,NONE,synthetic_telemetry_simulator,False,LOW,2026-05-31T01:59:08.920897+00:00
c41a2e49-8ecb-4fb5-8811-13e4f5d8562a,EcoWatch-A,99003,LEO,2026-05-30 05:40:20.869059+00:00,49.239875,-75.130455,599.741,7.442,105.82,27.574,2.073,274.5,88.8,WARN,WARN,FAIL,OK,OK,OK,False,NONE,synthetic_telemetry_simulator,False,MEDIUM,2026-05-31T01:59:08.920897+00:00
04994920-5e64-4421-90dc-bde178224a8d,EcoWatch-B,99004,LEO,2026-05-30 05:43:08.869059+00:00,44.938131,-64.32946,597.554,7.443,89.4,29.024,1.782,252.3,82.2,FAIL,OK,WARN,OK,OK,OK,False,NONE,synthetic_telemetry_simulator,False,MEDIUM,2026-05-31T01:59:08.920897+00:00
0d698118-e1f5-427b-9f05-1a4bc94abcbf,ConnectSat,99005,LEO,2026-05-30 05:45:56.869059+00:00,33.696508,-45.066083,548.329,7.469,80.96,28.246,1.574,275.8,74.5,FAIL,OK,OK,OK,FAIL,WARN,True,radiation_event,synthetic_telemetry_simulator,False,HIGH,2026-05-31T01:59:08.920897+00:00
ba19f71e-5a2b-4e52-aa1d-82c83082809f,WeatherEye,99006,SSO,2026-05-30 05:48:44.869059+00:00,43.736863,-61.904713,701.932,7.388,70.21,29.069,2.634,272.2,66.0,FAIL,OK,OK,OK,OK,OK,False,NONE,synthetic_telemetry_simulator,False,LOW,2026-05-31T01:59:08.920897+00:00
0596f357-a2c4-43d5-ada4-7af6717ab177,NanoDebris,99007,LEO,2026-05-30 05:51:32.869059+00:00,8.2077,-10.495923,478.935,7.507,51.1,28.336,2.174,280.8,56.8,WARN,OK,OK,FAIL,FAIL,OK,False,NONE,synthetic_telemetry_simulator,False,MEDIUM,2026-05-31T01:59:08.920897+00:00
e994b9fb-c2f7-4255-a255-0946d5b7b213,AgroSat-1,99001,LEO,2026-05-30 05:54:20.869059+00:00,5.953876,-7.605853,517.52,7.486,37.07,28.542,1.641,288.7,47.5,OK,OK,FAIL,FAIL,OK,OK,False,NONE,synthetic_telemetry_simulator,False,LOW,2026-05-31T01:59:08.920897+00:00
7ef17cd7-83df-49ab-8a4c-ead149f71440,AgroSat-2,99002,LEO,2026-05-30 05:57:08.869059+00:00,-1.595435,2.035954,524.77,7.482,21.06,28.463,2.169,261.8,38.2,OK,OK,OK,OK,OK,WARN,False,NONE,synthetic_telemetry_simulator,False,LOW,2026-05-31T01:59:08.920897+00:00
f31820cb-688f-49b2-a613-a13bdc57e26f,EcoWatch-A,99003,LEO,2026-05-30 05:59:56.869059+00:00,1.599191,-2.040749,601.833,7.44,6.18,28.213,2.287,235.6,29.4,OK,WARN,OK,OK,OK,FAIL,False,NONE,synthetic_telemetry_simulator,False,MEDIUM,2026-05-31T01:59:08.920897+00:00
43639664-98cc-406b-a5c5-7af7fb6bd33d,EcoWatch-B,99004,LEO,2026-05-30 06:02:44.869059+00:00,-6.87952,8.791712,599.086,7.442,-2.98,28.498,2.141,217.5,21.2,FAIL,WARN,OK,OK,OK,OK,False,NONE,synthetic_telemetry_simulator,False,MEDIUM,2026-05-31T01:59:08.920897+00:00
00b6c328-feae-4939-9995-4de2d0005fa0,ConnectSat,99005,LEO,2026-05-30 06:05:32.869059+00:00,-22.194512,28.817096,548.458,7.469,-19.77,29.718,1.979,231.7,14.1,OK,OK,OK,OK,WARN,OK,False,NONE,synthetic_telemetry_simulator,False,LOW,2026-05-31T01:59:08.920897+00:00
31d09bd5-4deb-4639-ae5a-36a82c2bbb33,WeatherEye,99006,SSO,2026-05-30 06:08:20.869059+00:00,-7.54097,9.640007,702.177,7.388,-15.9,28.918,2.088,257.0,8.2,OK,OK,WARN,FAIL,FAIL,OK,False,NONE,synthetic_telemetry_simulator,False,MEDIUM,2026-05-31T01:59:08.920897+00:00
2592810c-c1b3-4c28-b669-647e1ee88185,NanoDebris,99007,LEO,2026-05-30 06:11:08.869059+00:00,-45.030459,64.522493,478.514,7.507,-34.02,27.555,2.525,258.8,3.8,OK,FAIL,OK,WARN,OK,FAIL,False,NONE,synthetic_telemetry_simulator,False,MEDIUM,2026-05-31T01:59:08.920897+00:00
e9cf786c-661b-4952-9708-86a728a95ea4,AgroSat-1,99001,LEO,2026-05-30 06:13:56.869059+00:00,-46.063266,66.760326,520.443,7.484,-32.93,28.583,1.649,262.5,1.1,FAIL,FAIL,OK,OK,OK,OK,False,NONE,synthetic_telemetry_simulator,False,LOW,2026-05-31T01:59:08.920897+00:00
7fc3c679-2426-48d1-adfe-e6534d7cd2b5,AgroSat-2,99002,LEO,2026-05-30 06:16:44.869059+00:00,-49.593567,76.321268,527.389,7.481,-40.13,28.284,1.961,260.6,0.0,WARN,OK,WARN,WARN,OK,OK,False,NONE,synthetic_telemetry_simulator,False,MEDIUM,2026-05-31T01:59:08.920897+00:00
61c47cb0-c8d3-48eb-8f6b-cfa3ffb2fae8,EcoWatch-A,99003,LEO,2026-05-30 06:19:32.869059+00:00,-47.834972,71.048958,600.864,7.441,-37.45,28.759,1.793,227.0,0.7,OK,OK,OK,OK,OK,OK,False,NONE,synthetic_telemetry_simulator,False,LOW,2026-05-31T01:59:08.920897+00:00
58da6221-469e-42e0-8566-7d74778f7e38,EcoWatch-B,99004,LEO,2026-05-30 06:22:20.869059+00:00,-50.88669,81.912885,597.447,7.443,-36.35,27.12,2.631,234.4,3.1,OK,OK,WARN,OK,OK,OK,False,NONE,synthetic_telemetry_simulator,False,MEDIUM,2026-05-31T01:59:08.920897+00:00
0883811b-970d-490c-ba5a-1f73c4845628,ConnectSat,99005,LEO,2026-05-30 06:25:08.869059+00:00,-49.864238,102.700274,551.565,7.467,-24.52,28.189,1.749,213.9,7.2,OK,FAIL,OK,OK,OK,WARN,False,NONE,synthetic_telemetry_simulator,False,LOW,2026-05-31T01:59:08.920897+00:00
d81aaa85-3007-4521-8d7f-f7a454c4621c,WeatherEye,99006,SSO,2026-05-30 06:27:56.869059+00:00,-50.753938,81.184726,700.533,7.388,-25.74,28.082,2.119,280.6,12.8,OK,FAIL,OK,OK,OK,OK,False,NONE,synthetic_telemetry_simulator,False,LOW,2026-05-31T01:59:08.920897+00:00
ff4c2c41-139b-4ab7-b728-fbfa6ca3df17,NanoDebris,99007,LEO,2026-05-30 06:30:44.869059+00:00,-30.566799,139.54091,482.568,7.505,-14.44,28.305,2.429,278.4,19.6,OK,OK,OK,OK,FAIL,FAIL,False,NONE,synthetic_telemetry_simulator,False,LOW,2026-05-31T01:59:08.920897+00:00
f577f0b9-fc34-43df-a0d0-e37b3571a730,AgroSat-1,99001,LEO,2026-05-30 06:33:32.869059+00:00,-29.462141,141.126505,516.911,7.486,0.28,28.334,2.009,234.2,27.6,WARN,OK,OK,OK,FAIL,OK,False,NONE,synthetic_telemetry_simulator,False,MEDIUM,2026-05-31T01:59:08.920897+00:00
fede23f9-9698-424a-9e6c-fe773bb0e457,AgroSat-2,99002,LEO,2026-05-30 06:36:20.869059+00:00,-22.621369,150.606582,522.255,7.483,13.41,28.155,2.175,298.4,36.3,OK,WARN,FAIL,OK,OK,OK,False,NONE,synthetic_telemetry_simulator,False,MEDIUM,2026-05-31T01:59:08.920897+00:00
3613b745-1c11-4722-acd2-1dc68a198e64,EcoWatch-A,99003,LEO,2026-05-30 06:39:08.869059+00:00,-27.329543,144.138664,599.412,7.442,40.02,28.258,2.159,264.7,45.5,OK,OK,OK,OK,OK,WARN,False,NONE,synthetic_telemetry_simulator,False,LOW,2026-05-31T01:59:08.920897+00:00
9a79e113-7f59-4f92-be0d-7a16bc8a2aff,EcoWatch-B,99004,LEO,2026-05-30 06:41:56.869059+00:00,-19.316181,155.034057,595.648,7.444,52.0,28.806,1.766,239.0,54.9,OK,OK,OK,WARN,OK,OK,False,NONE,synthetic_telemetry_simulator,False,MEDIUM,2026-05-31T01:59:08.920897+00:00
18f15c66-7347-45be-a83e-80edac4ef485,ConnectSat,99005,LEO,2026-05-30 06:44:44.869059+00:00,-2.676914,176.583452,550.929,7.468,63.51,28.708,2.099,254.1,64.1,OK,OK,OK,WARN,OK,OK,False,NONE,synthetic_telemetry_simulator,False,MEDIUM,2026-05-31T01:59:08.920897+00:00
d99dd687-3aae-4bda-a73a-4406be40d973,WeatherEye,99006,SSO,2026-05-30 06:47:32.869059+00:00,-21.043872,152.729446,697.551,7.39,75.88,29.279,2.26,255.5,72.8,OK,OK,OK,WARN,WARN,OK,False,NONE,synthetic_telemetry_simulator,False,MEDIUM,2026-05-31T01:59:08.920897+00:00
8899b8ce-c1ce-401f-b626-225bd84cb274,NanoDebris,99007,LEO,2026-05-30 06:50:20.869059+00:00,26.395023,-145.440674,476.751,7.508,89.84,29.18,2.006,245.1,80.7,FAIL,OK,OK,OK,OK,OK,False,NONE,synthetic_telemetry_simulator,False,LOW,2026-05-31T01:59:08.920897+00:00
76a00ba3-4f9f-4645-a290-1a25b7c35446,AgroSat-1,99001,LEO,2026-05-30 06:53:08.869059+00:00,27.065683,-144.507316,520.551,7.484,97.88,27.406,2.14,259.3,87.5,WARN,OK,OK,OK,OK,WARN,False,NONE,synthetic_telemetry_simulator,False,MEDIUM,2026-05-31T01:59:08.920897+00:00
70da90c7-3eb9-4941-b85b-d0875b040ab8,AgroSat-2,99002,LEO,2026-05-30 06:55:56.869059+00:00,33.580525,-135.108104,524.938,7.482,106.29,28.367,2.469,229.6,93.0,OK,FAIL,OK,FAIL,FAIL,WARN,False,NONE,synthetic_telemetry_simulator,False,LOW,2026-05-31T01:59:08.920897+00:00
ef3330ad-f684-461a-93ae-f96badf13971,EcoWatch-A,99003,LEO,2026-05-30 06:58:44.869059+00:00,28.302681,-142.771629,600.184,7.441,116.4,28.619,2.421,276.0,97.0,OK,OK,OK,FAIL,OK,OK,False,NONE,synthetic_telemetry_simulator,False,LOW,2026-05-31T01:59:08.920897+00:00
b2832ab5-de76-4d48-a0fb-7d5c2d90f9e0,EcoWatch-B,99004,LEO,2026-05-30 07:01:32.869059+00:00,35.719412,-131.844771,600.781,7.441,117.51,28.083,2.49,292.5,99.4,OK,OK,OK,FAIL,FAIL,OK,False,NONE,synthetic_telemetry_simulator,False,LOW,2026-05-31T01:59:08.920897+00:00
c73020af-a106-4212-9894-91d096233f71,ConnectSat,99005,LEO,2026-05-30 07:04:20.869059+00:00,47.611399,-109.53337,548.758,7.469,122.29,27.877,1.962,249.7,100.0,OK,OK,OK,FAIL,OK,FAIL,False,NONE,synthetic_telemetry_simulator,False,LOW,2026-05-31T01:59:08.920897+00:00
59fcc0ae-2af7-47e2-8c74-98c99e47509c,WeatherEye,99006,SSO,2026-05-30 07:07:08.869059+00:00,33.16764,-135.725834,701.082,7.388,117.54,28.921,2.384,274.0,98.8,OK,OK,WARN,OK,OK,OK,False,NONE,synthetic_telemetry_simulator,False,MEDIUM,2026-05-31T01:59:08.920897+00:00
6ce373ac-3e64-4eb7-bf85-770e5237c44a,NanoDebris,99007,LEO,2026-05-30 07:09:56.869059+00:00,47.594137,-70.422258,482.735,7.505,116.43,28.84,1.558,248.6,96.0,WARN,FAIL,FAIL,WARN,OK,WARN,False,NONE,synthetic_telemetry_simulator,False,MEDIUM,2026-05-31T01:59:08.920897+00:00
d17e6dfc-2d2f-4e4e-8f30-28b5f33bd380,AgroSat-1,99001,LEO,2026-05-30 07:12:44.869059+00:00,47.484029,-70.141137,522.117,7.483,107.57,28.154,2.298,249.1,91.5,OK,OK,OK,WARN,FAIL,OK,False,NONE,synthetic_telemetry_simulator,False,MEDIUM,2026-05-31T01:59:08.920897+00:00
9ffbb45f-e5f4-4368-99ce-ea380b503bf8,AgroSat-2,99002,LEO,2026-05-30 07:15:32.869059+00:00,43.177072,-60.82279,526.546,7.481,99.51,28.424,1.3,269.2,85.6,OK,OK,OK,OK,OK,OK,False,NONE,synthetic_telemetry_simulator,False,LOW,2026-05-31T01:59:08.920897+00:00
1ef9ad6c-8c6f-4126-a9c0-88ec896f7e2a,EcoWatch-A,99003,LEO,2026-05-30 07:18:20.869059+00:00,47.301437,-69.681923,598.233,7.442,82.26,29.563,1.588,276.7,78.4,OK,FAIL,OK,OK,OK,FAIL,False,NONE,synthetic_telemetry_simulator,False,LOW,2026-05-31T01:59:08.920897+00:00
f4396de7-1633-4c6e-83b4-273f9874c17a,EcoWatch-B,99004,LEO,2026-05-30 07:21:08.869059+00:00,42.051741,-58.723599,598.386,7.442,76.58,28.096,1.907,281.4,70.3,OK,OK,OK,OK,FAIL,FAIL,False,NONE,synthetic_telemetry_simulator,False,LOW,2026-05-31T01:59:08.920897+00:00
b62de97a-d211-4b68-b4a8-f8b4d7731976,ConnectSat,99005,LEO,2026-05-30 07:23:56.869059+00:00,27.178491,-35.650192,554.254,7.466,55.66,28.428,2.259,269.4,61.4,OK,OK,OK,OK,OK,OK,False,NONE,synthetic_telemetry_simulator,False,LOW,2026-05-31T01:59:08.920897+00:00
ce9d311e-a66d-4516-905f-9ff382e5f833,WeatherEye,99006,SSO,2026-05-30 07:26:44.869059+00:00,44.866837,-64.181115,699.493,7.389,44.04,28.72,2.362,238.4,52.1,FAIL,OK,OK,FAIL,FAIL,OK,True,radiation_event,synthetic_telemetry_simulator,False,CRITICAL,2026-05-31T01:59:08.920897+00:00
ac2d6ab9-1437-4529-b584-3e7f6113f48c,NanoDebris,99007,LEO,2026-05-30 07:29:32.869059+00:00,-3.600486,4.596158,478.95,7.507,30.93,28.001,1.678,245.8,42.7,OK,OK,FAIL,WARN,OK,FAIL,True,thermal_spike,synthetic_telemetry_simulator,False,HIGH,2026-05-31T01:59:08.920897+00:00
868c2b4b-2364-4a51-8099-4adbae951368,AgroSat-1,99001,LEO,2026-05-30 07:32:20.869059+00:00,-3.309978,4.225042,518.45,7.485,14.56,28.709,1.914,242.6,33.6,OK,OK,FAIL,OK,OK,OK,False,NONE,synthetic_telemetry_simulator,False,LOW,2026-05-31T01:59:08.920897+00:00
c7cff24b-f68c-45c5-85ad-9c6367ab1d6e,AgroSat-2,99002,LEO,2026-05-30 07:35:08.869059+00:00,-10.512564,13.462524,524.812,7.482,3.96,28.827,1.907,258.8,25.1,FAIL,OK,OK,OK,OK,OK,False,NONE,synthetic_telemetry_simulator,False,LOW,2026-05-31T01:59:08.920897+00:00
03e4b1a8-ff77-4d95-8667-a2f3090cb082,EcoWatch-A,99003,LEO,2026-05-30 07:37:56.869059+00:00,-2.67005,3.407784,599.476,7.442,-14.8,27.824,1.796,247.6,17.5,FAIL,OK,OK,WARN,WARN,OK,False,NONE,synthetic_telemetry_simulator,False,MEDIUM,2026-05-31T01:59:08.920897+00:00
b49c8101-4054-4747-a73b-99f3a148fda3,EcoWatch-B,99004,LEO,2026-05-30 07:40:44.869059+00:00,-11.236808,14.397574,597.888,7.443,-19.29,28.016,2.364,275.1,11.0,OK,OK,OK,OK,FAIL,OK,False,NONE,synthetic_telemetry_simulator,False,LOW,2026-05-31T01:59:08.920897+00:00
ab44acf5-fce9-44ff-9bfa-783ef436e76a,ConnectSat,99005,LEO,2026-05-30 07:43:32.869059+00:00,-29.012282,38.232986,551.491,7.468,-31.17,28.109,1.948,266.5,5.8,OK,OK,OK,OK,OK,FAIL,False,NONE,synthetic_telemetry_simulator,False,LOW,2026-05-31T01:59:08.920897+00:00
348f4ef3-6027-4323-bd3f-4bfe7b4bdfff,WeatherEye,99006,SSO,2026-05-30 07:46:20.869059+00:00,-5.764657,7.363605,699.926,7.389,-33.89,27.955,1.766,227.6,2.2,OK,OK,WARN,FAIL,OK,OK,False,NONE,synthetic_telemetry_simulator,False,MEDIUM,2026-05-31T01:59:08.920897+00:00
f3c958fe-f919-4497-962f-956889ed401f,NanoDebris,99007,LEO,2026-05-30 07:49:08.869059+00:00,-50.430683,79.614574,477.393,7.508,-41.28,27.242,2.094,265.5,0.3,OK,FAIL,OK,WARN,FAIL,OK,False,NONE,synthetic_telemetry_simulator,False,MEDIUM,2026-05-31T01:59:08.920897+00:00
e1648bb4-0c57-4625-9275-da6c9eabcd4e,AgroSat-1,99001,LEO,2026-05-30 07:51:56.869059+00:00,-50.193273,78.591221,519.092,7.485,-36.12,28.466,1.88,272.8,0.1,OK,FAIL,FAIL,OK,FAIL,FAIL,True,radiation_event,synthetic_telemetry_simulator,False,CRITICAL,2026-05-31T01:59:08.920897+00:00
c0eb4be5-dbb9-4c6f-ae69-bc6e058b3d0a,AgroSat-2,99002,LEO,2026-05-30 07:54:44.869059+00:00,-51.544195,87.747838,524.488,7.482,-38.71,29.124,2.353,287.1,1.7,FAIL,WARN,OK,OK,OK,WARN,False,NONE,synthetic_telemetry_simulator,False,MEDIUM,2026-05-31T01:59:08.920897+00:00
72dff3a9-7b2c-47b9-af11-4e75fa7d9085,EcoWatch-A,99003,LEO,2026-05-30 07:57:32.869059+00:00,-49.643657,76.49749,598.164,7.442,-29.77,28.285,1.854,279.6,5.0,OK,OK,WARN,OK,FAIL,OK,False,NONE,synthetic_telemetry_simulator,False,MEDIUM,2026-05-31T01:59:08.920897+00:00
238ae31c-d291-4d31-bd7a-b10ddaab6193,EcoWatch-B,99004,LEO,2026-05-30 08:00:20.869059+00:00,-51.532275,87.518746,597.839,7.443,-20.83,28.048,1.606,227.6,9.8,WARN,OK,FAIL,FAIL,OK,WARN,False,NONE,synthetic_telemetry_simulator,False,MEDIUM,2026-05-31T01:59:08.920897+00:00
a7fb1a6a-0329-41ca-bd96-c1dc39d1e074,ConnectSat,99005,LEO,2026-05-30 08:03:08.869059+00:00,-46.554701,112.116164,553.552,7.466,-15.45,28.74,2.263,242.3,16.1,OK,OK,OK,OK,OK,WARN,False,NONE,synthetic_telemetry_simulator,False,LOW,2026-05-31T01:59:08.920897+00:00
673316cd-0d2a-4737-8a76-2730825a4401,WeatherEye,99006,SSO,2026-05-30 08:05:56.869059+00:00,-50.269064,78.908325,701.321,7.388,-2.12,29.029,1.565,265.3,23.6,WARN,OK,WARN,OK,OK,OK,False,NONE,synthetic_telemetry_simulator,False,MEDIUM,2026-05-31T01:59:08.920897+00:00
4725c111-8af7-4cd9-a0bf-183ce6aadbba,NanoDebris,99007,LEO,2026-05-30 08:08:44.869059+00:00,-19.617907,154.63299,478.623,7.507,9.63,27.845,2.493,272.7,31.9,FAIL,OK,OK,WARN,OK,FAIL,False,NONE,synthetic_telemetry_simulator,False,MEDIUM,2026-05-31T01:59:08.920897+00:00
a95534a0-079c-4c7d-b3e0-d7f82eb82395,AgroSat-1,99001,LEO,2026-05-30 08:11:32.869059+00:00,-20.873659,152.957399,522.566,7.483,26.3,28.537,2.321,248.2,41.0,OK,OK,FAIL,WARN,OK,OK,False,NONE,synthetic_telemetry_simulator,False,MEDIUM,2026-05-31T01:59:08.920897+00:00
07b3ebc9-b0d7-4b4b-ae93-2589178a8743,AgroSat-2,99002,LEO,2026-05-30 08:14:20.869059+00:00,-13.989454,162.033152,525.436,7.482,41.08,27.918,1.944,264.2,50.3,OK,OK,FAIL,OK,OK,WARN,False,NONE,synthetic_telemetry_simulator,False,LOW,2026-05-31T01:59:08.920897+00:00
8b2c75fe-f81d-4e38-a902-541229bbb3a4,EcoWatch-A,99003,LEO,2026-05-30 08:17:08.869059+00:00,-23.373688,149.587197,600.445,7.441,59.25,28.355,1.749,263.9,59.6,OK,OK,OK,WARN,OK,OK,False,NONE,synthetic_telemetry_simulator,False,MEDIUM,2026-05-31T01:59:08.920897+00:00
5816384f-6b2d-4686-a298-92fc1c440919,EcoWatch-B,99004,LEO,2026-05-30 08:19:56.869059+00:00,-15.058043,160.639918,595.703,7.444,74.41,28.009,2.619,240.6,68.6,OK,OK,OK,OK,OK,OK,False,NONE,synthetic_telemetry_simulator,False,LOW,2026-05-31T01:59:08.920897+00:00
99e516e4-e8bc-4198-8f7c-869a5a2b4b9e,ConnectSat,99005,LEO,2026-05-30 08:22:44.869059+00:00,4.698322,-174.000658,550.21,7.468,84.6,28.885,1.732,246.0,76.9,OK,OK,FAIL,FAIL,FAIL,OK,True,thermal_spike,synthetic_telemetry_simulator,False,CRITICAL,2026-05-31T01:59:08.920897+00:00
482794c3-d591-438e-8961-759f48bdda79,WeatherEye,99006,SSO,2026-05-30 08:25:32.869059+00:00,-22.734905,150.453044,700.834,7.388,95.37,28.445,2.137,286.5,84.3,OK,OK,OK,OK,OK,OK,False,NONE,synthetic_telemetry_simulator,False,LOW,2026-05-31T01:59:08.920897+00:00
354b537b-d69f-4535-9421-0fac263cdabd,NanoDebris,99007,LEO,2026-05-30 08:28:20.869059+00:00,36.674487,-130.348594,482.636,7.505,103.27,28.051,1.779,269.1,90.5,OK,WARN,WARN,OK,FAIL,WARN,True,radiation_event,synthetic_telemetry_simulator,False,HIGH,2026-05-31T01:59:08.920897+00:00
0bcb17bf-c054-4c4d-aa03-e8bd084706a7,AgroSat-1,99001,LEO,2026-05-30 08:31:08.869059+00:00,35.181358,-132.676422,519.265,7.485,114.37,28.915,1.933,230.0,95.2,OK,WARN,OK,OK,WARN,WARN,False,NONE,synthetic_telemetry_simulator,False,MEDIUM,2026-05-31T01:59:08.920897+00:00
192c3c39-e4fe-43dc-b531-536e231a6496,AgroSat-2,99002,LEO,2026-05-30 08:33:56.869059+00:00,40.702925,-123.681535,523.694,7.483,119.69,29.134,2.072,270.0,98.4,FAIL,OK,OK,OK,FAIL,OK,False,NONE,synthetic_telemetry_simulator,False,LOW,2026-05-31T01:59:08.920897+00:00
a7e32b5b-1566-47c4-acd6-1e2252f2cb7c,EcoWatch-A,99003,LEO,2026-05-30 08:36:44.869059+00:00,32.089078,-137.323097,599.414,7.442,121.87,28.653,2.023,228.7,99.9,OK,OK,OK,WARN,OK,FAIL,False,NONE,synthetic_telemetry_simulator,False,MEDIUM,2026-05-31T01:59:08.920897+00:00
90de9956-a991-422c-b3c2-cba11a19a3c6,EcoWatch-B,99004,LEO,2026-05-30 08:39:32.869059+00:00,39.204861,-126.23891,597.287,7.443,116.91,28.602,1.77,231.3,99.6,OK,OK,FAIL,OK,OK,OK,False,NONE,synthetic_telemetry_simulator,False,LOW,2026-05-31T01:59:08.920897+00:00
661d53a2-e0af-4a4a-8b99-39818b795c91,ConnectSat,99005,LEO,2026-05-30 08:42:20.869059+00:00,50.489386,-100.11748,551.184,7.468,117.76,27.493,1.996,227.0,97.6,OK,OK,OK,FAIL,OK,OK,False,NONE,synthetic_telemetry_simulator,False,LOW,2026-05-31T01:59:08.920897+00:00
da6e0b8e-31f7-4542-aa95-444d37211eae,WeatherEye,99006,SSO,2026-05-30 08:45:08.869059+00:00,31.625879,-138.002236,699.619,7.389,113.56,28.693,1.51,270.0,93.9,OK,OK,OK,FAIL,OK,OK,False,NONE,synthetic_telemetry_simulator,False,LOW,2026-05-31T01:59:08.920897+00:00
3e19337f-0feb-4698-85e9-bb45e724dcd1,NanoDebris,99007,LEO,2026-05-30 08:47:56.869059+00:00,40.13148,-55.330177,481.984,7.505,103.68,29.208,1.74,253.6,88.7,OK,OK,OK,WARN,OK,WARN,False,NONE,synthetic_telemetry_simulator,False,MEDIUM,2026-05-31T01:59:08.920897+00:00
ee9044b5-3eb2-4bee-9a2c-d0616de9257b,AgroSat-1,99001,LEO,2026-05-30 08:50:44.869059+00:00,41.82431,-58.310243,519.539,7.485,92.6,28.856,2.261,276.4,82.1,FAIL,OK,OK,FAIL,OK,OK,False,NONE,synthetic_telemetry_simulator,False,LOW,2026-05-31T01:59:08.920897+00:00
78a90e0f-d89e-403c-8379-a0fb5ae17722,AgroSat-2,99002,LEO,2026-05-30 08:53:32.869059+00:00,36.512797,-49.396221,523.941,7.482,78.06,27.41,1.859,233.1,74.4,OK,OK,FAIL,FAIL,OK,OK,False,NONE,synthetic_telemetry_simulator,False,LOW,2026-05-31T01:59:08.920897+00:00
71275b05-96cd-45f5-844a-0a2083b6e0ab,EcoWatch-A,99003,LEO,2026-05-30 08:56:20.869059+00:00,44.891994,-64.23339,602.859,7.44,61.23,28.5,1.923,265.6,65.8,FAIL,OK,OK,OK,OK,OK,False,NONE,synthetic_telemetry_simulator,False,LOW,2026-05-31T01:59:08.920897+00:00
1aa39121-f2f7-4134-8278-87a23cac50f8,EcoWatch-B,99004,LEO,2026-05-30 08:59:08.869059+00:00,38.818343,-53.117737,597.162,7.443,48.75,28.866,1.727,236.9,56.7,OK,OK,OK,WARN,OK,WARN,False,NONE,synthetic_telemetry_simulator,False,MEDIUM,2026-05-31T01:59:08.920897+00:00
293b881a-5d8b-4de6-990e-b78906c68483,ConnectSat,99005,LEO,2026-05-30 09:01:56.869059+00:00,20.268879,-26.234302,550.333,7.468,29.14,28.341,2.323,255.4,47.3,OK,OK,WARN,OK,WARN,OK,False,NONE,synthetic_telemetry_simulator,False,MEDIUM,2026-05-31T01:59:08.920897+00:00
609b5976-42c4-4b1b-8221-09565139797a,WeatherEye,99006,SSO,2026-05-30 09:04:44.869059+00:00,45.927652,-66.457516,699.972,7.389,20.71,29.043,2.346,281.1,38.1,OK,OK,OK,OK,OK,FAIL,False,NONE,synthetic_telemetry_simulator,False,LOW,2026-05-31T01:59:08.920897+00:00
f956eab3-87f0-4e46-ae39-35ac85683d84,NanoDebris,99007,LEO,2026-05-30 09:07:32.869059+00:00,-15.309198,19.688239,480.743,7.506,5.01,29.145,2.338,239.9,29.2,OK,FAIL,OK,WARN,WARN,OK,False,NONE,synthetic_telemetry_simulator,False,MEDIUM,2026-05-31T01:59:08.920897+00:00
278ce1aa-797c-45c7-8ea8-758989d0218b,AgroSat-1,99001,LEO,2026-05-30 09:10:20.869059+00:00,-12.518248,16.055936,519.058,7.485,-3.41,27.866,2.484,262.0,21.1,OK,OK,OK,OK,OK,OK,False,NONE,synthetic_telemetry_simulator,False,LOW,2026-05-31T01:59:08.920897+00:00
1e450afc-8415-4f40-92c3-46f0346f04dc,AgroSat-2,99002,LEO,2026-05-30 09:13:08.869059+00:00,-19.258317,24.889093,525.786,7.481,-21.04,27.996,1.952,254.7,14.0,OK,OK,OK,OK,FAIL,FAIL,False,NONE,synthetic_telemetry_simulator,False,LOW,2026-05-31T01:59:08.920897+00:00
d9d1ff42-72c6-47ed-bc86-d18294f427ce,EcoWatch-A,99003,LEO,2026-05-30 09:15:56.869059+00:00,-6.929916,8.856316,599.648,7.442,-29.55,28.773,1.962,254.8,8.2,OK,FAIL,WARN,OK,OK,WARN,False,NONE,synthetic_telemetry_simulator,False,MEDIUM,2026-05-31T01:59:08.920897+00:00
d6e648b1-5088-4265-bd51-392118068067,EcoWatch-B,99004,LEO,2026-05-30 09:18:44.869059+00:00,-15.550232,20.003435,594.994,7.444,-32.86,29.04,2.811,275.9,3.8,OK,OK,WARN,OK,OK,OK,False,NONE,synthetic_telemetry_simulator,False,MEDIUM,2026-05-31T01:59:08.920897+00:00
f5459ed5-d09d-4f6d-a56c-bd08acf8f2dd,ConnectSat,99005,LEO,2026-05-30 09:21:32.869059+00:00,-35.392411,47.648876,549.412,7.469,-36.37,28.358,2.443,254.8,1.0,OK,FAIL,WARN,OK,OK,FAIL,False,NONE,synthetic_telemetry_simulator,False,MEDIUM,2026-05-31T01:59:08.920897+00:00
2d4a53e8-3eee-417e-8f37-6bc9211a7f36,WeatherEye,99006,SSO,2026-05-30 09:24:20.869059+00:00,-3.984783,5.087203,701.749,7.388,-38.8,27.922,2.026,302.6,0.0,OK,OK,FAIL,WARN,FAIL,WARN,False,NONE,synthetic_telemetry_simulator,False,MEDIUM,2026-05-31T01:59:08.920897+00:00
a75f123b-0e6b-44c6-b5fb-679896d94773,NanoDebris,99007,LEO,2026-05-30 09:27:08.869059+00:00,-51.356881,94.706655,479.534,7.507,-38.06,28.433,2.181,286.9,0.7,OK,FAIL,OK,WARN,OK,WARN,False,NONE,synthetic_telemetry_simulator,False,MEDIUM,2026-05-31T01:59:08.920897+00:00
619076b4-032e-460c-8f24-3f2bceaeb1b3,AgroSat-1,99001,LEO,2026-05-30 09:29:56.869059+00:00,-51.598038,90.422115,519.073,7.485,-36.55,27.798,2.105,304.1,3.2,OK,OK,FAIL,OK,OK,OK,False,NONE,synthetic_telemetry_simulator,False,LOW,2026-05-31T01:59:08.920897+00:00
a222408b-9e9d-49ea-a235-9842fdde9d54,AgroSat-2,99002,LEO,2026-05-30 09:32:44.869059+00:00,-50.684436,99.174407,525.1,7.482,-25.36,28.698,1.898,242.2,7.3,FAIL,OK,FAIL,OK,OK,OK,False,NONE,synthetic_telemetry_simulator,False,LOW,2026-05-31T01:59:08.920897+00:00
5f684d4f-1cf2-475c-b69d-5a82ab8cefc5,EcoWatch-A,99003,LEO,2026-05-30 09:35:32.869059+00:00,-50.89247,81.946023,600.04,7.441,-21.03,28.264,2.087,268.2,12.9,OK,OK,OK,OK,OK,OK,False,NONE,synthetic_telemetry_simulator,False,LOW,2026-05-31T01:59:08.920897+00:00
f7202dcd-66bc-4802-9865-4976b1743509,EcoWatch-B,99004,LEO,2026-05-30 09:38:20.869059+00:00,-51.492658,93.124607,597.248,7.443,-6.33,28.108,2.729,276.0,19.8,FAIL,OK,OK,OK,OK,WARN,False,NONE,synthetic_telemetry_simulator,False,LOW,2026-05-31T01:59:08.920897+00:00
276f4f0f-730a-41b1-ae7c-0bb715ce0939,ConnectSat,99005,LEO,2026-05-30 09:41:08.869059+00:00,-41.9113,121.532054,551.266,7.468,-2.1,28.925,1.858,267.3,27.7,OK,OK,OK,WARN,OK,OK,False,NONE,synthetic_telemetry_simulator,False,MEDIUM,2026-05-31T01:59:08.920897+00:00
c6585a85-0ae2-4338-a50a-3a0b3109e9fe,WeatherEye,99006,SSO,2026-05-30 09:43:56.869059+00:00,-49.681475,76.631923,698.605,7.389,12.12,28.533,1.909,223.2,36.5,OK,OK,OK,FAIL,OK,OK,False,NONE,synthetic_telemetry_simulator,False,LOW,2026-05-31T01:59:08.920897+00:00
93904614-de95-4a8b-8b35-c91414bd8d87,NanoDebris,99007,LEO,2026-05-30 09:46:44.869059+00:00,-8.03562,169.725071,480.649,7.506,31.74,27.973,2.328,278.3,45.7,OK,OK,WARN,OK,WARN,OK,False,NONE,synthetic_telemetry_simulator,False,MEDIUM,2026-05-31T01:59:08.920897+00:00
9e0b92c5-fc6c-4a21-832b-a6a53a708f01,AgroSat-1,99001,LEO,2026-05-30 09:49:32.869059+00:00,-11.866408,164.788294,520.489,7.484,45.11,28.02,2.193,214.5,55.0,WARN,OK,OK,OK,WARN,WARN,False,NONE,synthetic_telemetry_simulator,False,MEDIUM,2026-05-31T01:59:08.920897+00:00
a8777e46-718e-4bfc-8467-7e6ed199c8c9,AgroSat-2,99002,LEO,2026-05-30 09:52:20.869059+00:00,-5.121266,173.459721,524.386,7.482,69.07,28.636,2.121,220.6,64.2,WARN,OK,OK,WARN,WARN,OK,False,NONE,synthetic_telemetry_simulator,False,MEDIUM,2026-05-31T01:59:08.920897+00:00
b739dd60-7fde-4ad3-a7c8-c594a4241187,EcoWatch-A,99003,LEO,2026-05-30 09:55:08.869059+00:00,-19.314922,155.035729,599.855,7.442,75.31,28.306,2.591,252.5,72.9,WARN,WARN,OK,FAIL,WARN,OK,False,NONE,synthetic_telemetry_simulator,False,MEDIUM,2026-05-31T01:59:08.920897+00:00
5f3b126f-e7f4-452a-a1f3-20433c562c65,EcoWatch-B,99004,LEO,2026-05-30 09:57:56.869059+00:00,-10.738623,166.245779,599.202,7.442,91.87,28.946,2.128,271.2,80.8,OK,FAIL,FAIL,FAIL,OK,WARN,False,NONE,synthetic_telemetry_simulator,False,LOW,2026-05-31T01:59:08.920897+00:00
8a679975-9a2a-436f-a639-93da8e253113,ConnectSat,99005,LEO,2026-05-30 10:00:44.869059+00:00,12.023652,-164.584768,548.057,7.469,105.3,28.32,2.164,251.7,87.6,OK,WARN,FAIL,FAIL,WARN,OK,False,NONE,synthetic_telemetry_simulator,False,MEDIUM,2026-05-31T01:59:08.920897+00:00
44faa42c-c2b1-469f-b113-c40dbae666fd,WeatherEye,99006,SSO,2026-05-30 10:03:32.869059+00:00,-24.408738,148.176642,700.686,7.388,105.04,28.447,2.031,257.9,93.1,OK,OK,OK,OK,OK,OK,False,NONE,synthetic_telemetry_simulator,False,LOW,2026-05-31T01:59:08.920897+00:00
6dea0c5e-b73b-4920-8b5c-89024813a760,NanoDebris,99007,LEO,2026-05-30 10:06:20.869059+00:00,45.135542,-115.256513,478.541,7.507,110.92,28.961,2.635,253.7,97.1,OK,WARN,OK,WARN,OK,FAIL,False,NONE,synthetic_telemetry_simulator,False,MEDIUM,2026-05-31T01:59:08.920897+00:00
3bed22d2-2f8d-4897-9299-a1c6057bde71,AgroSat-1,99001,LEO,2026-05-30 10:09:08.869059+00:00,42.286806,-120.845527,518.208,7.486,117.95,27.604,2.625,261.7,99.4,WARN,OK,FAIL,FAIL,FAIL,FAIL,False,NONE,synthetic_telemetry_simulator,False,MEDIUM,2026-05-31T01:59:08.920897+00:00
17e4698f-d08a-4b85-aa17-c4177f153354,AgroSat-2,99002,LEO,2026-05-30 10:11:56.869059+00:00,46.495002,-112.254965,524.679,7.482,119.65,29.073,2.334,241.4,100.0,OK,OK,FAIL,OK,FAIL,FAIL,False,NONE,synthetic_telemetry_simulator,False,LOW,2026-05-31T01:59:08.920897+00:00
81fdd488-37f3-4256-af51-092c62753197,EcoWatch-A,99003,LEO,2026-05-30 10:14:44.869059+00:00,35.700223,-131.874564,602.199,7.44,124.92,27.864,2.149,245.3,98.8,OK,OK,WARN,FAIL,WARN,OK,False,NONE,synthetic_telemetry_simulator,False,MEDIUM,2026-05-31T01:59:08.920897+00:00
70ec3481-cee6-477d-aa07-7008499342b8,EcoWatch-B,99004,LEO,2026-05-30 10:17:32.869059+00:00,42.401962,-120.633048,597.165,7.443,111.32,28.783,2.124,306.0,95.9,OK,OK,OK,FAIL,OK,FAIL,False,NONE,synthetic_telemetry_simulator,False,LOW,2026-05-31T01:59:08.920897+00:00
7b7708d6-a6f0-4102-a67d-5cbb7be3117d,ConnectSat,99005,LEO,2026-05-30 10:20:20.869059+00:00,51.594581,-90.70159,552.113,7.467,108.27,28.684,2.456,244.0,91.4,OK,OK,WARN,FAIL,WARN,OK,False,NONE,synthetic_telemetry_simulator,False,MEDIUM,2026-05-31T01:59:08.920897+00:00
48dd17b1-412c-4356-ad87-fcd721b2dad7,WeatherEye,99006,SSO,2026-05-30 10:23:08.869059+00:00,30.05446,-140.278638,699.625,7.389,95.02,27.961,2.036,233.8,85.5,OK,FAIL,OK,OK,WARN,OK,False,NONE,synthetic_telemetry_simulator,False,LOW,2026-05-31T01:59:08.920897+00:00
d2b612e4-0d62-4638-8b18-5ae1fae3b40e,NanoDebris,99007,LEO,2026-05-30 10:25:56.869059+00:00,30.413625,-40.238097,479.009,7.507,87.77,29.442,1.856,256.3,78.3,OK,OK,OK,FAIL,OK,OK,False,NONE,synthetic_telemetry_simulator,False,LOW,2026-05-31T01:59:08.920897+00:00
cf5c8290-bfac-44c6-b3ee-bf68e03db682,AgroSat-1,99001,LEO,2026-05-30 10:28:44.869059+00:00,34.63014,-46.479348,519.666,7.485,72.75,29.314,2.149,273.9,70.1,OK,OK,OK,OK,OK,FAIL,False,NONE,synthetic_telemetry_simulator,False,LOW,2026-05-31T01:59:08.920897+00:00
445facff-3cdf-4846-b0be-acb78de2c995,AgroSat-2,99002,LEO,2026-05-30 10:31:32.869059+00:00,28.826746,-37.969651,526.94,7.481,56.5,29.415,1.825,257.3,61.2,OK,OK,OK,OK,FAIL,WARN,False,NONE,synthetic_telemetry_simulator,False,LOW,2026-05-31T01:59:08.920897+00:00
821c3004-3c5c-4a5d-8357-2b342b654068,EcoWatch-A,99003,LEO,2026-05-30 10:34:20.869059+00:00,42.085287,-58.784858,599.968,7.441,44.36,28.328,1.861,264.5,52.0,FAIL,OK,FAIL,OK,FAIL,OK,False,NONE,synthetic_telemetry_simulator,False,LOW,2026-05-31T01:59:08.920897+00:00
189c4fef-ed8e-46f5-83ff-6214f6fa0b2c,EcoWatch-B,99004,LEO,2026-05-30 10:37:08.869059+00:00,35.303618,-47.511876,598.043,7.443,25.66,28.664,1.724,245.5,42.6,FAIL,OK,OK,FAIL,OK,OK,True,signal_loss,synthetic_telemetry_simulator,False,CRITICAL,2026-05-31T01:59:08.920897+00:00
29530313-81a2-43bd-86b0-55b8618da827,ConnectSat,99005,LEO,2026-05-30 10:39:56.869059+00:00,13.106006,-16.818412,551.014,7.468,14.27,28.752,1.999,255.5,33.5,OK,OK,OK,WARN,FAIL,WARN,False,NONE,synthetic_telemetry_simulator,False,MEDIUM,2026-05-31T01:59:08.920897+00:00
67179196-61e7-42fd-a600-ac3e85ae2ec7,WeatherEye,99006,SSO,2026-05-30 10:42:44.869059+00:00,46.913959,-68.733918,700.946,7.388,2.19,28.437,1.999,272.6,25.0,FAIL,FAIL,WARN,FAIL,OK,FAIL,True,signal_loss,synthetic_telemetry_simulator,False,CRITICAL,2026-05-31T01:59:08.920897+00:00
f88b215e-b8c2-4ccc-828d-db34a1645327,NanoDebris,99007,LEO,2026-05-30 10:45:32.869059+00:00,-26.55415,34.780319,483.705,7.504,-9.55,28.326,2.237,232.7,17.4,WARN,OK,OK,FAIL,WARN,OK,False,NONE,synthetic_telemetry_simulator,False,MEDIUM,2026-05-31T01:59:08.920897+00:00
ff620874-d1e2-47db-9c43-9ac7e9f7ab86,AgroSat-1,99001,LEO,2026-05-30 10:48:20.869059+00:00,-21.50327,27.886831,520.169,7.484,-22.16,28.8,1.569,225.5,10.9,WARN,OK,WARN,OK,WARN,FAIL,False,NONE,synthetic_telemetry_simulator,False,MEDIUM,2026-05-31T01:59:08.920897+00:00
12e0a402-6eeb-4bf7-a0ad-450d508b6c30,AgroSat-2,99002,LEO,2026-05-30 10:51:08.869059+00:00,-27.653899,36.315663,522.149,7.483,-29.53,28.379,2.408,263.0,5.8,OK,OK,WARN,OK,OK,FAIL,False,NONE,synthetic_telemetry_simulator,False,MEDIUM,2026-05-31T01:59:08.920897+00:00
6e50a6d0-b34b-4b89-ab76-a980a011d993,EcoWatch-A,99003,LEO,2026-05-30 10:53:56.869059+00:00,-11.16504,14.304849,597.278,7.443,-32.95,28.311,2.035,255.5,2.2,OK,OK,WARN,OK,OK,WARN,False,NONE,synthetic_telemetry_simulator,False,MEDIUM,2026-05-31T01:59:08.920897+00:00
6cb6354d-7b95-4f0b-9af3-deda89e3432f,EcoWatch-B,99004,LEO,2026-05-30 10:56:44.869059+00:00,-19.799971,25.609296,596.515,7.443,-44.81,28.712,2.05,271.3,0.3,WARN,OK,OK,OK,OK,FAIL,False,NONE,synthetic_telemetry_simulator,False,MEDIUM,2026-05-31T01:59:08.920897+00:00
94336366-225f-4c3d-9947-d8b3f283848d,ConnectSat,99005,LEO,2026-05-30 10:59:32.869059+00:00,-41.127945,57.064766,553.172,7.467,-44.29,29.667,2.074,276.2,0.2,OK,OK,OK,OK,OK,FAIL,False,NONE,synthetic_telemetry_simulator,False,LOW,2026-05-31T01:59:08.920897+00:00
b4c0d409-5d1c-4adf-a554-e02d87e01b97,WeatherEye,99006,SSO,2026-05-30 11:02:20.869059+00:00,-2.202466,2.810801,699.934,7.389,-39.09,28.086,2.394,290.7,1.8,OK,OK,FAIL,FAIL,WARN,OK,False,NONE,synthetic_telemetry_simulator,False,LOW,2026-05-31T01:59:08.920897+00:00
7d761336-50ec-48b1-8a77-3aa1ea0bda17,NanoDebris,99007,LEO,2026-05-30 11:05:08.869059+00:00,-47.507686,109.798736,478.21,7.507,-36.68,28.319,2.254,248.7,5.1,FAIL,OK,OK,OK,OK,OK,False,NONE,synthetic_telemetry_simulator,False,LOW,2026-05-31T01:59:08.920897+00:00
f9ecdfc0-669a-479a-9ffd-770bafc01a8f,AgroSat-1,99001,LEO,2026-05-30 11:07:56.869059+00:00,-49.981859,102.25301,518.987,7.485,-27.66,28.33,2.201,246.4,9.9,FAIL,OK,OK,FAIL,OK,WARN,False,NONE,synthetic_telemetry_simulator,False,LOW,2026-05-31T01:59:08.920897+00:00
c4b59df1-2fa0-41e1-9aff-9ac7fee6d6c8,AgroSat-2,99002,LEO,2026-05-30 11:10:44.869059+00:00,-47.187282,110.600977,525.188,7.482,-12.07,28.566,2.064,264.6,16.2,OK,OK,WARN,FAIL,FAIL,OK,False,NONE,synthetic_telemetry_simulator,False,MEDIUM,2026-05-31T01:59:08.920897+00:00
190cbb39-1069-4cd6-ad43-f7c4b54b3f7b,EcoWatch-A,99003,LEO,2026-05-30 11:13:32.869059+00:00,-51.525333,87.394555,599.379,7.442,0.99,28.648,1.613,259.8,23.7,OK,OK,FAIL,WARN,OK,WARN,False,NONE,synthetic_telemetry_simulator,False,MEDIUM,2026-05-31T01:59:08.920897+00:00
7f8e5df9-ad39-43fd-b875-809e9512e203,EcoWatch-B,99004,LEO,2026-05-30 11:16:20.869059+00:00,-50.769963,98.730468,597.733,7.443,9.69,28.294,1.867,268.5,32.1,FAIL,WARN,OK,OK,OK,OK,False,NONE,synthetic_telemetry_simulator,False,MEDIUM,2026-05-31T01:59:08.920897+00:00
c452fc9f-fe03-491a-9ba3-a0082785a4da,ConnectSat,99005,LEO,2026-05-30 11:19:08.869059+00:00,-36.293933,130.947944,548.89,7.469,31.6,28.173,2.457,235.5,41.1,OK,FAIL,FAIL,OK,WARN,OK,False,NONE,synthetic_telemetry_simulator,False,LOW,2026-05-31T01:59:08.920897+00:00
b4ef1ddf-ac9f-4ca9-a2fb-ec843f41e48f,WeatherEye,99006,SSO,2026-05-30 11:21:56.869059+00:00,-48.995702,74.355521,700.752,7.388,42.23,28.146,2.238,283.8,50.4,OK,OK,OK,FAIL,OK,OK,False,NONE,synthetic_telemetry_simulator,False,LOW,2026-05-31T01:59:08.920897+00:00
b3cedf91-b2b7-440e-8177-ea39fbf2d577,NanoDebris,99007,LEO,2026-05-30 11:24:44.869059+00:00,3.773452,-175.182848,479.716,7.507,48.32,27.999,1.949,255.0,59.7,FAIL,OK,OK,OK,OK,WARN,False,NONE,synthetic_telemetry_simulator,False,LOW,2026-05-31T01:59:08.920897+00:00
e9362c04-c74d-4955-ab37-45b28b5fbdfa,AgroSat-1,99001,LEO,2026-05-30 11:27:32.869059+00:00,-2.648926,176.619189,519.059,7.485,71.97,28.644,2.321,231.5,68.7,OK,OK,WARN,FAIL,FAIL,WARN,False,NONE,synthetic_telemetry_simulator,False,MEDIUM,2026-05-31T01:59:08.920897+00:00
bebf4828-d46c-46d8-a3ef-ca7737a1c4fd,AgroSat-2,99002,LEO,2026-05-30 11:30:20.869059+00:00,3.82756,-175.11371,528.102,7.48,84.93,29.554,1.885,258.9,77.0,FAIL,OK,FAIL,OK,OK,FAIL,False,NONE,synthetic_telemetry_simulator,False,LOW,2026-05-31T01:59:08.920897+00:00
67e420fc-3e05-4e79-a788-8f43a4ff9db4,EcoWatch-A,99003,LEO,2026-05-30 11:33:08.869059+00:00,-15.177201,160.484262,597.545,7.443,96.94,28.813,2.739,246.8,84.4,OK,OK,WARN,FAIL,OK,OK,False,NONE,synthetic_telemetry_simulator,False,MEDIUM,2026-05-31T01:59:08.920897+00:00
ceffaaec-1275-45c6-b3e4-d594cf8f63b6,EcoWatch-B,99004,LEO,2026-05-30 11:35:56.869059+00:00,-6.377473,171.851641,600.458,7.441,101.4,28.453,2.789,220.4,90.6,OK,OK,OK,OK,OK,WARN,False,NONE,synthetic_telemetry_simulator,False,LOW,2026-05-31T01:59:08.920897+00:00
d507f6b5-2395-453e-b245-b73656bee577,ConnectSat,99005,LEO,2026-05-30 11:38:44.869059+00:00,19.214658,-155.168878,548.124,7.469,113.59,28.495,2.046,247.7,95.3,FAIL,OK,OK,OK,OK,OK,False,NONE,synthetic_telemetry_simulator,False,LOW,2026-05-31T01:59:08.920897+00:00
c26a3112-385c-4130-9d56-7151004b8ddd,WeatherEye,99006,SSO,2026-05-30 11:41:32.869059+00:00,-26.063461,145.900241,698.875,7.389,115.49,28.341,1.417,243.2,98.5,OK,FAIL,FAIL,FAIL,OK,OK,False,NONE,synthetic_telemetry_simulator,False,LOW,2026-05-31T01:59:08.920897+00:00
b0c54410-9dcc-4b22-83a7-3d2efaeb4069,NanoDebris,99007,LEO,2026-05-30 11:44:20.869059+00:00,50.479204,-100.164432,479.678,7.507,124.19,28.585,1.925,231.6,99.9,WARN,FAIL,OK,WARN,OK,OK,False,NONE,synthetic_telemetry_simulator,False,MEDIUM,2026-05-31T01:59:08.920897+00:00
a5b73d3a-60f6-45d7-9d01-db57ada0ecb4,AgroSat-1,99001,LEO,2026-05-30 11:47:08.869059+00:00,47.810829,-109.014632,521.509,7.484,116.86,27.76,1.608,259.3,99.6,OK,OK,WARN,OK,OK,OK,False,NONE,synthetic_telemetry_simulator,False,MEDIUM,2026-05-31T01:59:08.920897+00:00
1a290293-015f-44df-b494-088aa14115f1,AgroSat-2,99002,LEO,2026-05-30 11:49:56.869059+00:00,50.330477,-100.828396,523.274,7.483,120.77,28.154,1.74,258.1,97.6,OK,WARN,WARN,OK,OK,OK,False,NONE,synthetic_telemetry_simulator,False,MEDIUM,2026-05-31T01:59:08.920897+00:00
3a35d233-b3ab-4625-b13a-b0b971e0ac83,EcoWatch-A,99003,LEO,2026-05-30 11:52:44.869059+00:00,39.092827,-126.426032,600.295,7.441,108.88,29.861,2.646,241.4,93.8,OK,OK,OK,WARN,OK,OK,False,NONE,synthetic_telemetry_simulator,False,MEDIUM,2026-05-31T01:59:08.920897+00:00
f1293d04-9463-4f69-bf7d-6854e6aaa91f,EcoWatch-B,99004,LEO,2026-05-30 11:55:32.869059+00:00,45.243886,-115.027187,597.836,7.443,96.93,27.594,2.009,277.9,88.6,OK,OK,OK,WARN,OK,FAIL,False,NONE,synthetic_telemetry_simulator,False,MEDIUM,2026-05-31T01:59:08.920897+00:00
240c7960-3a1e-439b-a45c-ca257877816d,ConnectSat,99005,LEO,2026-05-30 11:58:20.869059+00:00,50.773001,-81.2857,547.561,7.47,88.84,27.612,1.763,257.0,82.0,OK,OK,WARN,OK,OK,FAIL,False,NONE,synthetic_telemetry_simulator,False,MEDIUM,2026-05-31T01:59:08.920897+00:00
48e41cf7-8b2f-4281-a0c3-70e137540c6f,WeatherEye,99006,SSO,2026-05-30 12:01:08.869059+00:00,28.456074,-142.55504,697.983,7.39,77.5,23.935,2.388,309.0,74.3,OK,WARN,OK,OK,FAIL,FAIL,True,battery_drop,synthetic_telemetry_simulator,False,HIGH,2026-05-31T01:59:08.920897+00:00
ed7ab626-0fbb-4d2a-9b5f-0961cda29fce,NanoDebris,99007,LEO,2026-05-30 12:03:56.869059+00:00,19.451705,-25.146016,478.551,7.507,66.23,28.557,2.674,249.6,65.7,OK,OK,OK,WARN,OK,FAIL,False,NONE,synthetic_telemetry_simulator,False,MEDIUM,2026-05-31T01:59:08.920897+00:00
76875fa0-03a1-4cc0-a78f-c535803583f2,AgroSat-1,99001,LEO,2026-05-30 12:06:44.869059+00:00,26.459224,-34.648454,518.215,7.486,50.19,28.88,1.991,245.4,56.6,OK,FAIL,WARN,OK,OK,FAIL,False,NONE,synthetic_telemetry_simulator,False,MEDIUM,2026-05-31T01:59:08.920897+00:00
68b48fcb-fd46-45ec-9294-fd8fa9faf0a6,AgroSat-2,99002,LEO,2026-05-30 12:09:32.869059+00:00,20.500134,-26.543082,524.98,7.482,40.32,28.442,1.288,276.0,47.2,OK,OK,WARN,WARN,WARN,OK,False,NONE,synthetic_telemetry_simulator,False,MEDIUM,2026-05-31T01:59:08.920897+00:00
7fc85a34-0ef0-4b27-ae7b-3e2371454960,EcoWatch-A,99003,LEO,2026-05-30 12:12:20.869059+00:00,38.950086,-53.336325,600.343,7.441,21.76,28.173,2.477,236.6,37.9,OK,OK,WARN,OK,OK,OK,False,NONE,synthetic_telemetry_simulator,False,MEDIUM,2026-05-31T01:59:08.920897+00:00
061f8833-37f5-4bea-81bd-83564cfe1fb9,EcoWatch-B,99004,LEO,2026-05-30 12:15:08.869059+00:00,31.563098,-41.906015,596.18,7.444,5.88,28.321,1.706,256.0,29.1,OK,OK,FAIL,FAIL,OK,FAIL,False,NONE,synthetic_telemetry_simulator,False,LOW,2026-05-31T01:59:08.920897+00:00
c39acee0-59d7-47ab-a2d6-c1b8012d30aa,ConnectSat,99005,LEO,2026-05-30 12:17:56.869059+00:00,5.795057,-7.402522,551.524,7.467,-7.62,28.36,2.201,248.9,21.0,OK,OK,OK,OK,OK,OK,False,NONE,synthetic_telemetry_simulator,False,LOW,2026-05-31T01:59:08.920897+00:00
fa8e409c-625e-4cb8-bf51-1db97633c85a,WeatherEye,99006,SSO,2026-05-30 12:20:44.869059+00:00,47.820311,-71.01032,700.23,7.389,-20.64,28.327,2.377,283.5,13.9,OK,OK,OK,OK,OK,OK,False,NONE,synthetic_telemetry_simulator,False,LOW,2026-05-31T01:59:08.920897+00:00
aaa79205-125e-4de2-802f-55638fd36bb2,NanoDebris,99007,LEO,2026-05-30 12:23:32.869059+00:00,-36.814102,49.8724,481.117,7.506,-24.83,28.399,1.721,253.8,8.1,WARN,OK,FAIL,OK,OK,OK,False,NONE,synthetic_telemetry_simulator,False,MEDIUM,2026-05-31T01:59:08.920897+00:00
1ead7354-9a11-4721-b190-42d1e8ee735a,AgroSat-1,99001,LEO,2026-05-30 12:26:20.869059+00:00,-30.051927,39.717725,521.046,7.484,-34.21,28.779,2.22,244.9,3.7,OK,OK,OK,FAIL,FAIL,OK,False,NONE,synthetic_telemetry_simulator,False,LOW,2026-05-31T01:59:08.920897+00:00
0684f91d-82d2-4b08-a7ef-a3a9d5af52e5,AgroSat-2,99002,LEO,2026-05-30 12:29:08.869059+00:00,-35.45284,47.742232,523.769,7.483,-33.39,28.58,2.234,301.6,1.0,OK,WARN,OK,OK,OK,OK,False,NONE,synthetic_telemetry_simulator,False,MEDIUM,2026-05-31T01:59:08.920897+00:00
9735ec26-fab5-496a-972b-2a6720359d10,EcoWatch-A,99003,LEO,2026-05-30 12:31:56.869059+00:00,-15.359029,19.753381,599.291,7.442,-38.05,27.851,1.89,233.4,0.0,OK,OK,OK,OK,OK,OK,False,NONE,synthetic_telemetry_simulator,False,LOW,2026-05-31T01:59:08.920897+00:00
b045613f-649b-445f-9bd9-becdd7a80652,EcoWatch-B,99004,LEO,2026-05-30 12:34:44.869059+00:00,-23.963319,31.215157,598.266,7.442,-41.59,27.62,1.517,240.5,0.8,OK,OK,OK,OK,WARN,OK,False,NONE,synthetic_telemetry_simulator,False,LOW,2026-05-31T01:59:08.920897+00:00
279483f3-c6cb-4e1f-a9c7-69bc2cd1e1f8,ConnectSat,99005,LEO,2026-05-30 12:37:32.869059+00:00,-45.938062,66.480657,548.852,7.469,-39.19,28.286,1.395,226.0,3.2,OK,OK,FAIL,OK,OK,FAIL,False,NONE,synthetic_telemetry_simulator,False,LOW,2026-05-31T01:59:08.920897+00:00
c6ea58b2-f0fc-4590-8607-65e2b8a31689,WeatherEye,99006,SSO,2026-05-30 12:40:20.869059+00:00,-0.418803,0.5344,698.709,7.389,-27.12,28.251,1.934,234.3,7.3,OK,OK,OK,WARN,OK,WARN,False,NONE,synthetic_telemetry_simulator,False,MEDIUM,2026-05-31T01:59:08.920897+00:00
07b8a901-afe8-445f-9e0e-0a490f582e22,NanoDebris,99007,LEO,2026-05-30 12:43:08.869059+00:00,-40.002387,124.890816,478.246,7.507,-26.01,28.453,1.965,259.1,13.0,WARN,WARN,FAIL,OK,OK,OK,False,NONE,synthetic_telemetry_simulator,False,MEDIUM,2026-05-31T01:59:08.920897+00:00
30b5d5f3-5e15-4400-90fc-da60b25c90d0,AgroSat-1,99001,LEO,2026-05-30 12:45:56.869059+00:00,-45.681898,114.083904,524.136,7.482,-10.94,28.058,2.442,271.5,19.9,FAIL,FAIL,OK,OK,OK,OK,False,NONE,synthetic_telemetry_simulator,False,LOW,2026-05-31T01:59:08.920897+00:00
7e907cd2-0f0f-4d22-86e5-bb7a31b85538,AgroSat-2,99002,LEO,2026-05-30 12:48:44.869059+00:00,-41.637079,122.027546,524.184,7.482,5.42,29.316,1.672,259.2,27.8,OK,FAIL,FAIL,FAIL,WARN,OK,True,signal_loss,synthetic_telemetry_simulator,False,CRITICAL,2026-05-31T01:59:08.920897+00:00
6e4bf01b-f885-4a3e-b893-07afeb4b9f8e,EcoWatch-A,99003,LEO,2026-05-30 12:51:32.869059+00:00,-51.511107,92.843088,600.558,7.441,21.4,28.084,2.127,254.0,36.6,FAIL,OK,OK,OK,OK,OK,False,NONE,synthetic_telemetry_simulator,False,LOW,2026-05-31T01:59:08.920897+00:00
41a8bff7-df4a-4f2f-995a-e2d53d5b3c7b,EcoWatch-B,99004,LEO,2026-05-30 12:54:20.869059+00:00,-49.401505,104.33633,599.382,7.442,30.54,28.439,2.493,250.9,45.8,OK,FAIL,OK,OK,OK,FAIL,False,NONE,synthetic_telemetry_simulator,False,LOW,2026-05-31T01:59:08.920897+00:00
44e98636-b05d-48f7-befc-33f930456f73,ConnectSat,99005,LEO,2026-05-30 12:57:08.869059+00:00,-29.995108,140.363835,549.892,7.468,48.61,28.857,1.442,232.4,55.2,WARN,OK,OK,WARN,OK,OK,False,NONE,synthetic_telemetry_simulator,False,MEDIUM,2026-05-31T01:59:08.920897+00:00
2389eb81-47b4-42d1-8693-97baf2950c0d,WeatherEye,99006,SSO,2026-05-30 12:59:56.869059+00:00,-48.21672,72.079119,698.767,7.389,61.39,28.679,1.897,288.1,64.4,OK,OK,WARN,OK,OK,OK,False,NONE,synthetic_telemetry_simulator,False,MEDIUM,2026-05-31T01:59:08.920897+00:00
0f4f36e9-ff79-41b2-82db-91f3f7bfb011,NanoDebris,99007,LEO,2026-05-30 13:02:44.869059+00:00,15.478215,-160.090767,480.194,7.506,77.62,28.729,2.582,247.7,73.0,OK,WARN,OK,OK,OK,OK,False,NONE,synthetic_telemetry_simulator,False,MEDIUM,2026-05-31T01:59:08.920897+00:00
90a43b1c-5dc8-4243-b273-4a3c3d7327af,AgroSat-1,99001,LEO,2026-05-30 13:05:32.869059+00:00,6.612967,-171.549917,519.629,7.485,89.0,29.493,1.678,233.0,80.9,WARN,OK,OK,OK,OK,WARN,False,NONE,synthetic_telemetry_simulator,False,MEDIUM,2026-05-31T01:59:08.920897+00:00
c83b730f-d754-4734-bfbc-fe8b774bdff5,AgroSat-2,99002,LEO,2026-05-30 13:08:20.869059+00:00,12.716404,-163.68714,526.748,7.481,97.96,28.085,1.622,242.7,87.7,FAIL,OK,OK,OK,OK,OK,False,NONE,synthetic_telemetry_simulator,False,LOW,2026-05-31T01:59:08.920897+00:00
9105484b-feb7-4fdc-988a-e89e61b94c8f,EcoWatch-A,99003,LEO,2026-05-30 13:11:08.869059+00:00,-10.981055,165.932794,601.303,7.441,107.9,28.697,1.791,239.3,93.2,OK,FAIL,WARN,FAIL,FAIL,OK,False,NONE,synthetic_telemetry_simulator,False,MEDIUM,2026-05-31T01:59:08.920897+00:00
82e8fe31-7eda-4a5c-a2f1-27cd3f4f5e32,EcoWatch-B,99004,LEO,2026-05-30 13:13:56.869059+00:00,-1.992287,177.457502,597.352,7.443,113.96,28.226,2.111,278.0,97.1,OK,OK,OK,OK,OK,OK,False,NONE,synthetic_telemetry_simulator,False,LOW,2026-05-31T01:59:08.920897+00:00
6e0db466-ba5b-4972-b6e0-e11b53b30bf5,ConnectSat,99005,LEO,2026-05-30 13:16:44.869059+00:00,26.169794,-145.752987,550.072,7.468,122.52,28.366,1.644,223.5,99.4,OK,OK,OK,WARN,OK,OK,False,NONE,synthetic_telemetry_simulator,False,MEDIUM,2026-05-31T01:59:08.920897+00:00
afc564f9-49eb-4579-9466-3f5944b2b169,WeatherEye,99006,SSO,2026-05-30 13:19:32.869059+00:00,-27.697021,143.623839,700.815,7.388,122.86,28.403,2.468,280.3,100.0,FAIL,OK,WARN,WARN,OK,WARN,False,NONE,synthetic_telemetry_simulator,False,MEDIUM,2026-05-31T01:59:08.920897+00:00
82f62be5-a2be-432a-bea1-80e5e5fd777f,NanoDebris,99007,LEO,2026-05-30 13:22:20.869059+00:00,51.333596,-85.072351,482.071,7.505,118.93,27.581,1.726,285.2,98.8,WARN,OK,OK,OK,FAIL,FAIL,False,NONE,synthetic_telemetry_simulator,False,MEDIUM,2026-05-31T01:59:08.920897+00:00
008cba03-307e-4471-b605-ae42b67992b3,AgroSat-1,99001,LEO,2026-05-30 13:25:08.869059+00:00,51.036039,-97.183738,518.68,7.485,114.64,27.937,3.194,261.3,95.9,OK,OK,OK,OK,OK,FAIL,False,NONE,synthetic_telemetry_simulator,False,LOW,2026-05-31T01:59:08.920897+00:00
9975d1af-b285-4e34-841b-39c5b7f397c0,AgroSat-2,99002,LEO,2026-05-30 13:27:56.869059+00:00,51.596061,-89.401826,524.331,7.482,103.39,29.135,1.979,264.5,91.4,OK,OK,WARN,OK,WARN,OK,False,NONE,synthetic_telemetry_simulator,False,MEDIUM,2026-05-31T01:59:08.920897+00:00
71a48a20-6552-4e24-94be-b1cb8d23ce7c,EcoWatch-A,99003,LEO,2026-05-30 13:30:44.869059+00:00,42.215028,-120.977499,599.482,7.442,98.21,29.182,2.827,283.1,85.4,WARN,FAIL,OK,OK,OK,OK,False,NONE,synthetic_telemetry_simulator,False,MEDIUM,2026-05-31T01:59:08.920897+00:00
3989c0dd-8401-41fa-b466-eb1bd57ef46e,EcoWatch-B,99004,LEO,2026-05-30 13:33:32.869059+00:00,47.654847,-109.421326,597.152,7.443,86.16,28.307,2.252,248.9,78.2,FAIL,OK,OK,OK,WARN,FAIL,False,NONE,synthetic_telemetry_simulator,False,LOW,2026-05-31T01:59:08.920897+00:00
4d7d4419-0ac7-4066-ab35-cdfd0b1c625c,ConnectSat,99005,LEO,2026-05-30 13:36:20.869059+00:00,48.140598,-71.869809,547.937,7.469,66.53,28.029,2.269,225.8,70.0,OK,OK,WARN,FAIL,OK,FAIL,False,NONE,synthetic_telemetry_simulator,False,MEDIUM,2026-05-31T01:59:08.920897+00:00
